step,elapsed_tokens,elapsed_examples,training_loss,training_sequence_accuracy,training_token_accuracy,validation_loss,validation_sequence_accuracy,validation_token_accuracy,classification/accuracy,classification/precision,classification/recall,classification/auroc,classification/auprc,classification/f1.0
1,33,1,0.41490526071400385,0.0,0.0,0.16499729329654655,0.0,0.0,,,,,,
2,66,2,0.3392952306498773,0.0,0.0,,,,,,,,,
3,99,3,0.3266564177640248,0.0,0.0,,,,,,,,,
4,124,4,0.21054716968288026,0.0,0.0,,,,,,,,,
5,157,5,0.0701339593832381,1.0,1.0,,,,,,,,,
6,294,6,0.049237873434484596,0.0,0.0,,,,,,,,,
7,319,7,0.04135664114825583,1.0,1.0,,,,,,,,,
8,344,8,0.037632237525346376,1.0,1.0,,,,,,,,,
9,401,9,0.08751265210171237,0.0,0.0,0.035475614816137487,1.0,1.0,,,,,,
10,426,10,0.04475480790715664,1.0,1.0,,,,,,,,,
11,443,11,0.0414348952099681,1.0,1.0,,,,,,,,,
12,532,12,0.05035731699439401,1.0,1.0,,,,,,,,,
13,597,13,0.12105529012529133,0.0,0.0,,,,,,,,,
14,750,14,0.05631370590576951,0.0,0.0,,,,,,,,,
15,783,15,0.03324983387370594,1.0,1.0,,,,,,,,,
16,808,16,0.03483226465682188,1.0,1.0,,,,,,,,,
17,833,17,0.04394015200203284,1.0,1.0,0.06720423703896813,0.0,0.0,,,,,,
18,906,18,0.032764937719189716,1.0,1.0,,,,,,,,,
19,1219,19,0.03205248553655297,1.0,1.0,,,,,,,,,
20,1244,20,0.08688399624545126,0.0,0.0,,,,,,,,,
21,1333,21,0.036991676561195744,1.0,1.0,,,,,,,,,
22,1374,22,0.03384348671008047,1.0,1.0,,,,,,,,,
23,1423,23,0.06589698461039613,0.0,0.0,,,,,,,,,
24,1456,24,0.0365754186767299,1.0,1.0,,,,,,,,,
25,1505,25,0.0309842565174525,1.0,1.0,0.049898113544331865,1.0,1.0,,,,,,
26,1522,26,0.03920406915247441,1.0,1.0,,,,,,,,,
27,1579,27,0.04277841183839232,1.0,1.0,,,,,,,,,
28,1628,28,0.030688287444257487,1.0,1.0,,,,,,,,,
29,1693,29,0.06036935879383236,0.0,0.0,,,,,,,,,
30,1710,30,0.04588845790713095,1.0,1.0,,,,,,,,,
31,1727,31,0.06957345061004162,1.0,1.0,,,,,,,,,
32,1736,32,0.06113825976382942,1.0,1.0,,,,,,,,,
33,1753,33,0.034292341773398224,1.0,1.0,0.028078225845626248,1.0,1.0,,,,,,
34,1786,34,0.027638824745081364,1.0,1.0,,,,,,,,,
35,1803,35,0.04045554405078292,1.0,1.0,,,,,,,,,
36,1828,36,0.04750930779613555,1.0,1.0,,,,,,,,,
37,1861,37,0.020212896976590854,1.0,1.0,,,,,,,,,
38,1918,38,0.03607143320733615,1.0,1.0,,,,,,,,,
39,1935,39,0.045695752259343865,1.0,1.0,,,,,,,,,
40,2016,40,0.04093621172499843,0.0,0.0,,,,,,,,,
41,2073,41,0.03780746446523283,1.0,1.0,0.035429188070508336,1.0,1.0,,,,,,
42,2098,42,0.03249874483483533,1.0,1.0,,,,,,,,,
43,2211,43,0.023951623814833248,1.0,1.0,,,,,,,,,
44,2228,44,0.030403280355094466,1.0,1.0,,,,,,,,,
45,2269,45,0.025387060376757288,1.0,1.0,,,,,,,,,
46,2422,46,0.03691248375260521,1.0,1.0,,,,,,,,,
47,2447,47,0.03804098488625944,1.0,1.0,,,,,,,,,
48,2464,48,0.5901713284570724,0.0,0.0,,,,,,,,,
49,2521,49,0.03523918359787786,1.0,1.0,0.0454935276195613,0.0,0.0,,,,,,
50,2538,50,0.02199339280421555,1.0,1.0,,,,,,,,,
51,2555,51,0.03177036992477952,1.0,1.0,,,,,,,,,
52,2612,52,0.029458932017109227,1.0,1.0,,,,,,,,,
53,2669,53,0.05957229743595234,0.0,0.0,,,,,,,,,
54,2726,54,0.022572511251200918,1.0,1.0,,,,,,,,,
55,2759,55,0.025392031524606864,1.0,1.0,,,,,,,,,
56,2816,56,0.05952916139470679,0.0,0.0,,,,,,,,,
57,2833,57,0.028833787434268742,1.0,1.0,0.07677700825035572,1.0,1.0,,,,,,
58,2858,58,0.03101164320478953,1.0,1.0,,,,,,,,,
59,2891,59,0.038800364444923616,1.0,1.0,,,,,,,,,
60,2916,60,0.43130795807888106,0.0,0.0,,,,,,,,,
61,2941,61,0.029805278769150997,1.0,1.0,,,,,,,,,
62,2990,62,0.029034855141944718,1.0,1.0,,,,,,,,,
63,3007,63,0.24081920713186264,0.0,0.0,,,,,,,,,
64,3024,64,0.023285676387022253,1.0,1.0,,,,,,,,,
65,3089,65,0.03209693655955562,1.0,1.0,0.046341992591333106,1.0,1.0,,,,,,
66,3186,66,0.08448465470923112,0.0,0.0,,,,,,,,,
67,3275,67,0.03246258330912414,1.0,1.0,,,,,,,,,
68,3324,68,0.044185849161197735,1.0,1.0,,,,,,,,,
69,3373,69,0.060381526125905416,1.0,1.0,,,,,,,,,
70,3390,70,0.04229127871803939,1.0,1.0,,,,,,,,,
71,3543,71,0.02769985324886971,1.0,1.0,,,,,,,,,
72,3568,72,0.030096732644985122,1.0,1.0,,,,,,,,,
73,3593,73,0.033113083467663576,1.0,1.0,0.03364538684953004,1.0,1.0,,,,,,
74,3610,74,0.03655774127691984,1.0,1.0,,,,,,,,,
75,3691,75,0.036901770031581696,1.0,1.0,,,,,,,,,
76,3748,76,0.03037124887358264,1.0,1.0,,,,,,,,,
77,3773,77,0.044532384224003185,1.0,1.0,,,,,,,,,
78,3806,78,0.13034463784657419,0.0,0.0,,,,,,,,,
79,3823,79,0.052641941495239736,1.0,1.0,,,,,,,,,
80,3864,80,0.043881783089134846,1.0,1.0,,,,,,,,,
81,3889,81,0.03233946405195942,1.0,1.0,0.22693391785025596,0.0,0.0,,,,,,
82,3930,82,0.038774267553002575,1.0,1.0,,,,,,,,,
83,3979,83,0.028065088003252945,1.0,1.0,,,,,,,,,
84,3996,84,0.03196146224508993,1.0,1.0,,,,,,,,,
85,4037,85,0.036268338370136925,1.0,1.0,,,,,,,,,
86,4070,86,0.02714402471203357,1.0,1.0,,,,,,,,,
87,4087,87,0.04084808167070151,1.0,1.0,,,,,,,,,
88,4168,88,0.03461473417966045,1.0,1.0,,,,,,,,,
89,4241,89,0.03870295464123046,1.0,1.0,0.049410963635891675,1.0,1.0,,,,,,
90,4250,90,0.040339708980172875,1.0,1.0,,,,,,,,,
91,4331,91,0.028353411489631983,1.0,1.0,,,,,,,,,
92,4348,92,0.3909273983538151,0.0,0.0,,,,,,,,,
93,4421,93,0.03591563934770723,1.0,1.0,,,,,,,,,
94,4462,94,0.11198823038267439,0.0,0.0,,,,,,,,,
95,4487,95,0.04867211452374855,1.0,1.0,,,,,,,,,
96,4528,96,0.05329148481041193,1.0,1.0,,,,,,,,,
97,4585,97,0.03564780217312675,1.0,1.0,0.05425719810184091,0.0,0.0,,,,,,
98,4618,98,0.037489343364723024,1.0,1.0,,,,,,,,,
99,4643,99,0.2318034739047289,0.0,0.0,,,,,,,,,
100,4692,100,0.04514117059733203,0.0,0.0,,,,,,,,,
101,4709,101,0.03812075775116682,1.0,1.0,,,,,,,,,
102,4734,102,0.047965762701739245,1.0,1.0,,,,,,,,,
103,4751,103,0.03303013823926449,1.0,1.0,,,,,,,,,
104,4776,104,0.042265470077594125,1.0,1.0,,,,,,,,,
105,4809,105,0.03162278668954969,1.0,1.0,0.03790108697754996,1.0,1.0,,,,,,
106,4866,106,0.0417968797510756,1.0,1.0,,,,,,,,,
107,4915,107,0.035893402739845134,1.0,1.0,,,,,,,,,
108,4948,108,0.07297586683882401,0.0,0.0,,,,,,,,,
109,4973,109,0.022273656427860257,1.0,1.0,,,,,,,,,
110,5030,110,0.03074523254763335,1.0,1.0,,,,,,,,,
111,5135,111,0.03157972247268145,1.0,1.0,,,,,,,,,
112,5160,112,0.04811930218711495,1.0,1.0,,,,,,,,,
113,5193,113,0.038425314443738895,1.0,1.0,0.03390552984783426,1.0,1.0,,,,,,
114,5298,114,0.05986477446957347,0.0,0.0,,,,,,,,,
115,5355,115,0.03637755768107516,1.0,1.0,,,,,,,,,
116,5412,116,0.03375191749906142,1.0,1.0,,,,,,,,,
117,5445,117,0.03071821880992502,1.0,1.0,,,,,,,,,
118,5742,118,0.045135167223174046,0.0,0.0,,,,,,,,,
119,5783,119,0.03285269053746015,1.0,1.0,,,,,,,,,
120,5800,120,0.03225530222523958,1.0,1.0,,,,,,,,,
121,5817,121,0.06449757308582775,1.0,1.0,0.030043470445380083,1.0,1.0,,,,,,
122,5842,122,0.03420007166607926,1.0,1.0,,,,,,,,,
123,5955,123,0.030388658260344526,1.0,1.0,,,,,,,,,
124,5988,124,0.03348406017350499,1.0,1.0,,,,,,,,,
125,6029,125,0.05412593310326339,1.0,1.0,,,,,,,,,
126,6198,126,0.04047894592308217,1.0,1.0,,,,,,,,,
127,6239,127,0.029125958246528173,1.0,1.0,,,,,,,,,
128,6400,128,0.02889683968821191,1.0,1.0,,,,,,,,,
129,6457,129,0.0324605445779993,1.0,1.0,0.13589499359066395,0.0,0.0,,,,,,
130,6482,130,0.03413934872261355,1.0,1.0,,,,,,,,,
131,6507,131,0.032131344639540954,1.0,1.0,,,,,,,,,
132,6556,132,0.15509553950900834,0.0,0.0,,,,,,,,,
133,6573,133,0.04133825859054923,1.0,1.0,,,,,,,,,
134,6598,134,0.03875305344350636,1.0,1.0,,,,,,,,,
135,6639,135,0.055955773438094186,0.0,0.0,,,,,,,,,
136,6672,136,0.027794621090288275,1.0,1.0,,,,,,,,,
137,6705,137,0.03007583393366076,1.0,1.0,0.0260413215868175,1.0,1.0,,,,,,
138,6794,138,0.037417778679995205,1.0,1.0,,,,,,,,,
139,6819,139,0.07868561427108944,0.0,0.0,,,,,,,,,
140,6852,140,0.067254128245404,0.0,0.0,,,,,,,,,
141,6885,141,0.054329277903889306,1.0,1.0,,,,,,,,,
142,6918,142,0.03539813737734221,1.0,1.0,,,,,,,,,
143,6935,143,0.03543957734422293,1.0,1.0,,,,,,,,,
144,6992,144,0.02735203303141004,1.0,1.0,,,,,,,,,
145,7009,145,0.25894390359520914,0.0,0.0,0.046387357361527395,1.0,1.0,,,,,,
146,7178,146,0.033134956736051074,0.0,0.0,,,,,,,,,
147,7259,147,0.03479643195599783,1.0,1.0,,,,,,,,,
148,7284,148,0.04384968765400117,1.0,1.0,,,,,,,,,
149,7357,149,0.02864668488192062,1.0,1.0,,,,,,,,,
150,7422,150,0.033952935666602575,1.0,1.0,,,,,,,,,
151,7439,151,0.047364890631288285,1.0,1.0,,,,,,,,,
152,7488,152,0.039684832801576704,1.0,1.0,,,,,,,,,
153,7513,153,0.1102410786350568,0.0,0.0,0.03156841030965249,1.0,1.0,,,,,,
154,7530,154,0.02437290331348777,1.0,1.0,,,,,,,,,
155,7555,155,0.032777364952489736,1.0,1.0,,,,,,,,,
156,7572,156,0.033560515308054165,1.0,1.0,,,,,,,,,
157,7621,157,0.022090307254936,1.0,1.0,,,,,,,,,
158,7662,158,0.030122855038382114,1.0,1.0,,,,,,,,,
159,7735,159,0.03071595741579383,1.0,1.0,,,,,,,,,
160,7768,160,0.04412147711031139,1.0,1.0,,,,,,,,,
161,7809,161,0.021581306024920196,1.0,1.0,0.034420487579142595,1.0,1.0,,,,,,
162,7826,162,0.03205268477788195,1.0,1.0,,,,,,,,,
163,7883,163,0.02919342690613121,1.0,1.0,,,,,,,,,
164,7900,164,0.04693517811596394,1.0,1.0,,,,,,,,,
165,7925,165,0.06995976170214514,0.0,0.0,,,,,,,,,
166,7950,166,0.03118570041299487,1.0,1.0,,,,,,,,,
167,8023,167,0.029182178253815638,1.0,1.0,,,,,,,,,
168,8040,168,0.024745076708495618,1.0,1.0,,,,,,,,,
169,8105,169,0.03200517018540268,1.0,1.0,0.02698970853089122,1.0,1.0,,,,,,
170,8138,170,0.02732292809541832,1.0,1.0,,,,,,,,,
171,8187,171,0.03226667086555002,1.0,1.0,,,,,,,,,
172,8236,172,0.027913358761870767,1.0,1.0,,,,,,,,,
173,8285,173,0.030981458794170365,1.0,1.0,,,,,,,,,
174,8326,174,0.02545023899222725,1.0,1.0,,,,,,,,,
175,8367,175,0.038835000582446814,1.0,1.0,,,,,,,,,
176,8384,176,0.030367267169058326,1.0,1.0,,,,,,,,,
177,8497,177,0.09824725922729287,0.0,0.0,0.03610125209204853,1.0,1.0,,,,,,
178,8554,178,0.029986623371701816,1.0,1.0,,,,,,,,,
179,8571,179,0.024584148826543244,1.0,1.0,,,,,,,,,
180,8596,180,0.029860398711947102,1.0,1.0,,,,,,,,,
181,8621,181,0.021967204393707408,1.0,1.0,,,,,,,,,
182,8678,182,0.026058587142372615,1.0,1.0,,,,,,,,,
183,8711,183,0.025690766114857978,1.0,1.0,,,,,,,,,
184,8760,184,0.03263560624405121,1.0,1.0,,,,,,,,,
185,8801,185,0.03199308509330149,1.0,1.0,0.031878268701257186,1.0,1.0,,,,,,
186,8842,186,0.034190270974533636,1.0,1.0,,,,,,,,,
187,8883,187,0.04341988724702969,1.0,1.0,,,,,,,,,
188,8908,188,0.06722387123232088,0.0,0.0,,,,,,,,,
189,8957,189,0.02759640652540838,1.0,1.0,,,,,,,,,
190,9006,190,0.03460057807698225,1.0,1.0,,,,,,,,,
191,9055,191,0.026157965550103957,1.0,1.0,,,,,,,,,
192,9088,192,0.054163866231683636,0.0,0.0,,,,,,,,,
193,9121,193,0.20491472479421646,0.0,0.0,0.020041736405779376,1.0,1.0,,,,,,
194,9162,194,0.1919752826374024,0.0,0.0,,,,,,,,,
195,9211,195,0.08845140496682385,0.0,0.0,,,,,,,,,
196,9228,196,0.16917470406740903,0.0,0.0,,,,,,,,,
197,9245,197,0.0577714037662372,1.0,1.0,,,,,,,,,
198,9278,198,0.04158090452663601,1.0,1.0,,,,,,,,,
199,9319,199,0.03844066899269819,1.0,1.0,,,,,,,,,
200,9328,200,0.07735667355358601,1.0,1.0,,,,,,,,,
201,9425,201,0.029727617698760395,1.0,1.0,0.12618562139570713,0.0,0.0,,,,,,
202,9450,202,0.023307845252566038,1.0,1.0,,,,,,,,,
203,9635,203,0.039279399774468995,0.0,0.0,,,,,,,,,
204,9708,204,0.02650080960887458,1.0,1.0,,,,,,,,,
205,9757,205,0.028758691548615992,1.0,1.0,,,,,,,,,
206,9926,206,0.030525770749068,1.0,1.0,,,,,,,,,
207,10023,207,0.030942285612157623,1.0,1.0,,,,,,,,,
208,10040,208,0.21548003010451794,0.0,0.0,,,,,,,,,
209,10089,209,0.035197752940778926,1.0,1.0,0.027195351746631787,1.0,1.0,,,,,,
210,10106,210,0.14206486243754626,0.0,0.0,,,,,,,,,
211,10171,211,0.02777553161148262,1.0,1.0,,,,,,,,,
212,10188,212,0.034122493937611575,1.0,1.0,,,,,,,,,
213,10269,213,0.04309210892085685,0.0,0.0,,,,,,,,,
214,10318,214,0.027754031674861228,1.0,1.0,,,,,,,,,
215,10399,215,0.02375510943621566,1.0,1.0,,,,,,,,,
216,10464,216,0.03392960666460567,1.0,1.0,,,,,,,,,
217,10529,217,0.030875834983307867,1.0,1.0,0.029469261873403894,1.0,1.0,,,,,,
218,10610,218,0.027732877038421977,1.0,1.0,,,,,,,,,
219,10643,219,0.03589882113039494,1.0,1.0,,,,,,,,,
220,10660,220,0.023509814450517297,1.0,1.0,,,,,,,,,
221,10757,221,0.028615751774365584,1.0,1.0,,,,,,,,,
222,10838,222,0.034783003424061466,1.0,1.0,,,,,,,,,
223,10927,223,0.02976582851483148,1.0,1.0,,,,,,,,,
224,11000,224,0.08040873707582553,0.0,0.0,,,,,,,,,
225,11025,225,0.12608965044220288,0.0,0.0,0.027310538859455842,1.0,1.0,,,,,,
226,11050,226,0.03276252647861838,1.0,1.0,,,,,,,,,
227,11107,227,0.02747643866243639,1.0,1.0,,,,,,,,,
228,11156,228,0.038970487201683376,1.0,1.0,,,,,,,,,
229,11189,229,0.026766866166144612,1.0,1.0,,,,,,,,,
230,11206,230,0.03429285272955894,1.0,1.0,,,,,,,,,
231,11239,231,0.04468131496571004,1.0,1.0,,,,,,,,,
232,11264,232,0.04324843572235598,1.0,1.0,,,,,,,,,
233,11289,233,0.03376643898896873,1.0,1.0,0.03220420053927228,1.0,1.0,,,,,,
234,11314,234,0.03046587810541193,1.0,1.0,,,,,,,,,
235,11347,235,0.02723559496447706,1.0,1.0,,,,,,,,,
236,11388,236,0.034927746995061175,1.0,1.0,,,,,,,,,
237,11445,237,0.023066349187580007,1.0,1.0,,,,,,,,,
238,11510,238,0.03957054171682103,1.0,1.0,,,,,,,,,
239,11543,239,0.11843939762096853,0.0,0.0,,,,,,,,,
240,11696,240,0.04777586723019149,0.0,0.0,,,,,,,,,
241,11721,241,0.04416876204932729,1.0,1.0,0.0221533777465811,1.0,1.0,,,,,,
242,11834,242,0.03124119571015139,1.0,1.0,,,,,,,,,
243,11891,243,0.0380618904224996,1.0,1.0,,,,,,,,,
244,11916,244,0.09886294458682339,0.0,0.0,,,,,,,,,
245,11973,245,0.0371748679492157,1.0,1.0,,,,,,,,,
246,11990,246,0.03125707405619323,1.0,1.0,,,,,,,,,
247,12063,247,0.041782548260655146,1.0,1.0,,,,,,,,,
248,12224,248,0.038520291665707196,1.0,1.0,,,,,,,,,
249,12241,249,0.03838738850783557,1.0,1.0,0.035363809720777975,1.0,1.0,,,,,,
250,12338,250,0.029127045600571364,1.0,1.0,,,,,,,,,
251,12395,251,0.09497840605676174,0.0,0.0,,,,,,,,,
252,12476,252,0.03298097459285054,1.0,1.0,,,,,,,,,
253,12517,253,0.03977015945687891,1.0,1.0,,,,,,,,,
254,12590,254,0.03708843122171755,1.0,1.0,,,,,,,,,
255,12631,255,0.035838309262879196,1.0,1.0,,,,,,,,,
256,12688,256,0.028776519284583624,1.0,1.0,,,,,,,,,
257,12833,257,0.039927740852581335,1.0,1.0,0.036073915444846665,1.0,1.0,,,,,,
258,12874,258,0.11999099511543865,0.0,0.0,,,,,,,,,
259,12891,259,0.1687030904740095,0.0,0.0,,,,,,,,,
260,12948,260,0.029687430475938265,1.0,1.0,,,,,,,,,
261,12965,261,0.02451536951586604,1.0,1.0,,,,,,,,,
262,12998,262,0.03849078156985342,1.0,1.0,,,,,,,,,
263,13015,263,0.037992058210074904,1.0,1.0,,,,,,,,,
264,13056,264,0.03786534035365912,1.0,1.0,,,,,,,,,
265,13273,265,0.02601049152084333,1.0,1.0,0.04696513240545755,1.0,1.0,,,,,,
266,13322,266,0.031739575511746804,1.0,1.0,,,,,,,,,
267,13355,267,0.05767850271542557,1.0,1.0,,,,,,,,,
268,13380,268,0.05112775720035036,1.0,1.0,,,,,,,,,
269,13477,269,0.0413049220497002,1.0,1.0,,,,,,,,,
270,13534,270,0.030657487144427634,1.0,1.0,,,,,,,,,
271,13551,271,0.03710904799343552,1.0,1.0,,,,,,,,,
272,13568,272,0.02173749655135907,1.0,1.0,,,,,,,,,
273,13601,273,0.042777528550941496,1.0,1.0,0.04934211269021034,1.0,1.0,,,,,,
274,13618,274,0.02537598181981593,1.0,1.0,,,,,,,,,
275,13659,275,0.027538800878814076,1.0,1.0,,,,,,,,,
276,13772,276,0.03682862254824223,1.0,1.0,,,,,,,,,
277,13805,277,0.03480239190132124,1.0,1.0,,,,,,,,,
278,13822,278,0.0762611984834075,0.0,0.0,,,,,,,,,
279,13863,279,0.02773876088298858,1.0,1.0,,,,,,,,,
280,13904,280,0.03362138406466693,1.0,1.0,,,,,,,,,
281,13953,281,0.02858585080665459,1.0,1.0,0.07327498174738138,0.0,0.0,,,,,,
282,14090,282,0.03522475996246452,1.0,1.0,,,,,,,,,
283,14155,283,0.025950584058300592,1.0,1.0,,,,,,,,,
284,14244,284,0.030995424095207544,1.0,1.0,,,,,,,,,
285,14269,285,0.028081379356638837,1.0,1.0,,,,,,,,,
286,14334,286,0.03343320751329884,1.0,1.0,,,,,,,,,
287,14375,287,0.11223320333985612,0.0,0.0,,,,,,,,,
288,14448,288,0.028942575503541672,1.0,1.0,,,,,,,,,
289,14481,289,0.02283008797741786,1.0,1.0,0.03684830624454965,1.0,1.0,,,,,,
290,14522,290,0.10546627759814875,0.0,0.0,,,,,,,,,
291,14547,291,0.03190567004183928,1.0,1.0,,,,,,,,,
292,14620,292,0.027179550999038234,1.0,1.0,,,,,,,,,
293,14733,293,0.030697166018590648,1.0,1.0,,,,,,,,,
294,14758,294,0.02715498565213541,1.0,1.0,,,,,,,,,
295,14823,295,0.042504112473689015,1.0,1.0,,,,,,,,,
296,14904,296,0.033324956856469724,1.0,1.0,,,,,,,,,
297,14945,297,0.02738718867202988,1.0,1.0,0.026850595924825894,1.0,1.0,,,,,,
298,14978,298,0.028795039103133607,1.0,1.0,,,,,,,,,
299,15019,299,0.02866830398514867,1.0,1.0,,,,,,,,,
300,15044,300,0.08056415076057115,0.0,0.0,,,,,,,,,
301,15077,301,0.029328683987259865,1.0,1.0,,,,,,,,,
302,15102,302,0.039234665439774594,1.0,1.0,,,,,,,,,
303,15127,303,0.018260659836232665,1.0,1.0,,,,,,,,,
304,15192,304,0.02746257576436619,1.0,1.0,,,,,,,,,
305,15233,305,0.04105782133061439,1.0,1.0,0.030275684851221746,1.0,1.0,,,,,,
306,15290,306,0.02995239530800193,1.0,1.0,,,,,,,,,
307,15323,307,0.07052894650390953,0.0,0.0,,,,,,,,,
308,15348,308,0.03646366711085041,1.0,1.0,,,,,,,,,
309,15365,309,0.03323259124532342,1.0,1.0,,,,,,,,,
310,15406,310,0.03783344166493044,1.0,1.0,,,,,,,,,
311,15431,311,0.0375226393652459,1.0,1.0,,,,,,,,,
312,15480,312,0.030403150434789646,1.0,1.0,,,,,,,,,
313,15529,313,0.024399413827729095,1.0,1.0,0.03959147401020995,1.0,1.0,,,,,,
314,15546,314,0.04717490816488862,1.0,1.0,,,,,,,,,
315,15611,315,0.03515181481623586,1.0,1.0,,,,,,,,,
316,15644,316,0.02784290149982553,1.0,1.0,,,,,,,,,
317,15685,317,0.03682025363085268,1.0,1.0,,,,,,,,,
318,15710,318,0.09795228683700163,0.0,0.0,,,,,,,,,
319,15791,319,0.030997064363211393,1.0,1.0,,,,,,,,,
320,15808,320,0.016777775320224463,1.0,1.0,,,,,,,,,
321,15833,321,0.03084536065968374,1.0,1.0,0.03459510661118353,1.0,1.0,,,,,,
322,15922,322,0.03911914471494542,1.0,1.0,,,,,,,,,
323,15947,323,0.022766380617395044,1.0,1.0,,,,,,,,,
324,15988,324,0.03556454124115408,1.0,1.0,,,,,,,,,
325,16021,325,0.04261411093408242,1.0,1.0,,,,,,,,,
326,16054,326,0.03457944112260066,1.0,1.0,,,,,,,,,
327,16095,327,0.025960117439652097,1.0,1.0,,,,,,,,,
328,16184,328,0.029087380997212184,1.0,1.0,,,,,,,,,
329,16273,329,0.024523761495392527,1.0,1.0,0.0361506861441012,0.0,0.0,,,,,,
330,16298,330,0.0860606320023847,0.0,0.0,,,,,,,,,
331,16323,331,0.03487956069875509,1.0,1.0,,,,,,,,,
332,16372,332,0.026972038249174754,1.0,1.0,,,,,,,,,
333,16461,333,0.04913086571688341,1.0,1.0,,,,,,,,,
334,16502,334,0.046391104457638,1.0,1.0,,,,,,,,,
335,16535,335,0.04541544600739144,1.0,1.0,,,,,,,,,
336,16592,336,0.029535201205872,1.0,1.0,,,,,,,,,
337,16609,337,0.029791778018698097,1.0,1.0,0.03223792594624684,1.0,1.0,,,,,,
338,16626,338,0.02172760163579369,1.0,1.0,,,,,,,,,
339,16707,339,0.031943158951571606,1.0,1.0,,,,,,,,,
340,16732,340,0.03024632467577855,1.0,1.0,,,,,,,,,
341,16757,341,0.018830536195309833,1.0,1.0,,,,,,,,,
342,16798,342,0.019884324582038974,1.0,1.0,,,,,,,,,
343,16839,343,0.1336718706181273,0.0,0.0,,,,,,,,,
344,16864,344,0.03592853882660468,1.0,1.0,,,,,,,,,
345,16969,345,0.029488910977692847,1.0,1.0,0.04519943638954179,1.0,1.0,,,,,,
346,17010,346,0.13565019279386253,0.0,0.0,,,,,,,,,
347,17027,347,0.025321130921365696,1.0,1.0,,,,,,,,,
348,17132,348,0.030539151990476687,1.0,1.0,,,,,,,,,
349,17157,349,0.03272206795867533,1.0,1.0,,,,,,,,,
350,17174,350,0.03594607779057697,1.0,1.0,,,,,,,,,
351,17287,351,0.035149105641591766,1.0,1.0,,,,,,,,,
352,17320,352,0.19876279065134442,0.0,0.0,,,,,,,,,
353,17361,353,0.031693147815763954,1.0,1.0,0.027509662985491252,1.0,1.0,,,,,,
354,17386,354,0.044866847073038424,1.0,1.0,,,,,,,,,
355,17419,355,0.030748915895819663,1.0,1.0,,,,,,,,,
356,17452,356,0.04284615959506482,1.0,1.0,,,,,,,,,
357,17517,357,0.032175068189390005,1.0,1.0,,,,,,,,,
358,17598,358,0.027784942176193,1.0,1.0,,,,,,,,,
359,17615,359,0.02568495353450999,1.0,1.0,,,,,,,,,
360,17664,360,0.059401495672451954,0.0,0.0,,,,,,,,,
361,17769,361,0.030280351265996264,1.0,1.0,0.03795634960623769,1.0,1.0,,,,,,
362,17794,362,0.0380033696970592,1.0,1.0,,,,,,,,,
363,17835,363,0.021209988908958623,1.0,1.0,,,,,,,,,
364,17956,364,0.04342892786767334,0.0,0.0,,,,,,,,,
365,18021,365,0.02728843860200868,1.0,1.0,,,,,,,,,
366,18046,366,0.03664009651129163,1.0,1.0,,,,,,,,,
367,18111,367,0.025280636639799924,1.0,1.0,,,,,,,,,
368,18128,368,0.03328302714275196,1.0,1.0,,,,,,,,,
369,18185,369,0.04418377553811297,1.0,1.0,0.027821297934278844,1.0,1.0,,,,,,
370,18210,370,0.034640313579390444,1.0,1.0,,,,,,,,,
371,18251,371,0.02582806923851604,1.0,1.0,,,,,,,,,
372,18276,372,0.024064757724603016,1.0,1.0,,,,,,,,,
373,18293,373,0.023531718424055725,1.0,1.0,,,,,,,,,
374,18358,374,0.036433657752349975,1.0,1.0,,,,,,,,,
375,18375,375,0.03481017963960767,1.0,1.0,,,,,,,,,
376,18416,376,0.029876059931644706,1.0,1.0,,,,,,,,,
377,18425,377,0.057894184710457916,1.0,1.0,0.032028381314497284,1.0,1.0,,,,,,
378,18482,378,0.08548746060995784,0.0,0.0,,,,,,,,,
379,18499,379,0.08121838878840208,0.0,0.0,,,,,,,,,
380,18548,380,0.029674307405629558,1.0,1.0,,,,,,,,,
381,18637,381,0.02899664559020576,1.0,1.0,,,,,,,,,
382,18662,382,0.020328846587799487,1.0,1.0,,,,,,,,,
383,18711,383,0.03744075261832525,1.0,1.0,,,,,,,,,
384,18760,384,0.022805642888027555,1.0,1.0,,,,,,,,,
385,18785,385,0.02983311225892976,1.0,1.0,0.037185822996310895,1.0,1.0,,,,,,
386,18826,386,0.027965534985065467,1.0,1.0,,,,,,,,,
387,18859,387,0.043018913705018355,1.0,1.0,,,,,,,,,
388,18884,388,0.05565768432493011,1.0,1.0,,,,,,,,,
389,18925,389,0.028282746272860093,1.0,1.0,,,,,,,,,
390,19094,390,0.03815931751270823,1.0,1.0,,,,,,,,,
391,19119,391,0.02758930838977297,1.0,1.0,,,,,,,,,
392,19208,392,0.02975482641258912,1.0,1.0,,,,,,,,,
393,19233,393,0.02825833705253899,1.0,1.0,0.03145181329920888,1.0,1.0,,,,,,
394,19266,394,0.02772122662514448,1.0,1.0,,,,,,,,,
395,19323,395,0.026118555572549145,1.0,1.0,,,,,,,,,
396,19348,396,0.026437704085013437,1.0,1.0,,,,,,,,,
397,19413,397,0.04160548013529478,1.0,1.0,,,,,,,,,
398,19430,398,0.04868596261367202,1.0,1.0,,,,,,,,,
399,19495,399,0.032223886087303984,1.0,1.0,,,,,,,,,
400,19520,400,0.016630257085586585,1.0,1.0,,,,,,,,,
401,19545,401,0.029136153065289064,1.0,1.0,0.029026130401529373,1.0,1.0,,,,,,
402,19586,402,0.025023314436431972,1.0,1.0,,,,0.8700000047683716,0.9523809523809523,0.7843137254901961,0.9715886354541816,0.9765019283996064,0.8602150537634408
403,19603,403,0.07988919783383608,0.0,0.0,,,,,,,,,
404,19628,404,0.025171044276406363,1.0,1.0,,,,,,,,,
405,19765,405,0.027725234509417693,1.0,1.0,,,,,,,,,
406,19806,406,0.025967356483422924,1.0,1.0,,,,,,,,,
407,19831,407,0.0910734967473157,0.0,0.0,,,,,,,,,
408,19856,408,0.0326978334536155,1.0,1.0,,,,,,,,,
409,19905,409,0.03647147556952404,1.0,1.0,0.03438769545415805,1.0,1.0,,,,,,
410,19962,410,0.023653550714729393,1.0,1.0,,,,,,,,,
411,19995,411,0.02906939399137628,1.0,1.0,,,,,,,,,
412,20020,412,0.036249923979242635,1.0,1.0,,,,,,,,,
413,20085,413,0.03624064876115881,1.0,1.0,,,,,,,,,
414,20102,414,0.020900888675823806,1.0,1.0,,,,,,,,,
415,20159,415,0.026031349728249813,1.0,1.0,,,,,,,,,
416,20216,416,0.031251921496753175,1.0,1.0,,,,,,,,,
417,20241,417,0.030654547054631016,1.0,1.0,0.10589027213292865,0.0,0.0,,,,,,
418,20290,418,0.05049398749394793,0.0,0.0,,,,,,,,,
419,20315,419,0.02194723580032587,1.0,1.0,,,,,,,,,
420,20348,420,0.06594521423918195,0.0,0.0,,,,,,,,,
421,20365,421,0.025746449882572055,1.0,1.0,,,,,,,,,
422,20398,422,0.042230422818101944,1.0,1.0,,,,,,,,,
423,20423,423,0.01140469924896024,1.0,1.0,,,,,,,,,
424,20448,424,0.035307864888260765,1.0,1.0,,,,,,,,,
425,20473,425,0.018787690660295384,1.0,1.0,0.03380871931981976,1.0,1.0,,,,,,
426,20490,426,0.030114920900668952,1.0,1.0,,,,,,,,,
427,20547,427,0.025882281756161578,1.0,1.0,,,,,,,,,
428,20604,428,0.024256332696282433,1.0,1.0,,,,,,,,,
429,20629,429,0.01704821568603317,1.0,1.0,,,,,,,,,
430,20654,430,0.022235499487433117,1.0,1.0,,,,,,,,,
431,20871,431,0.026009157843167218,1.0,1.0,,,,,,,,,
432,20920,432,0.03134135653400638,1.0,1.0,,,,,,,,,
433,21009,433,0.030398031425985125,1.0,1.0,0.03791829615365714,1.0,1.0,,,,,,
434,21058,434,0.027675167365717547,1.0,1.0,,,,,,,,,
435,21115,435,0.027181394007389566,1.0,1.0,,,,,,,,,
436,21156,436,0.024201232576917392,1.0,1.0,,,,,,,,,
437,21197,437,0.019485755360030457,1.0,1.0,,,,,,,,,
438,21278,438,0.02697219812462572,1.0,1.0,,,,,,,,,
439,21319,439,0.030156844685086982,1.0,1.0,,,,,,,,,
440,21384,440,0.025291125664152786,1.0,1.0,,,,,,,,,
441,21433,441,0.025226600895481777,1.0,1.0,0.02624954829481431,1.0,1.0,,,,,,
442,21474,442,0.03221217496646569,1.0,1.0,,,,,,,,,
443,21515,443,0.07355567296493246,0.0,0.0,,,,,,,,,
444,21572,444,0.10376441412308071,0.0,0.0,,,,,,,,,
445,21589,445,0.02025176671566442,1.0,1.0,,,,,,,,,
446,21678,446,0.023977209345650247,1.0,1.0,,,,,,,,,
447,21695,447,0.03373122608754783,1.0,1.0,,,,,,,,,
448,21720,448,0.02792064774548635,1.0,1.0,,,,,,,,,
449,21753,449,0.029539069526363166,1.0,1.0,0.035746795828181355,1.0,1.0,,,,,,
450,21834,450,0.02877379916865539,1.0,1.0,,,,,,,,,
451,21859,451,0.027366549383538462,1.0,1.0,,,,,,,,,
452,21900,452,0.024884599719312974,1.0,1.0,,,,,,,,,
453,21973,453,0.029819421698986034,1.0,1.0,,,,,,,,,
454,22022,454,0.024288688403515453,1.0,1.0,,,,,,,,,
455,22079,455,0.026382811938570477,1.0,1.0,,,,,,,,,
456,22120,456,0.16061138253548415,0.0,0.0,,,,,,,,,
457,22193,457,0.02649813242638225,1.0,1.0,0.032682626461610194,1.0,1.0,,,,,,
458,22250,458,0.08918349410806384,0.0,0.0,,,,,,,,,
459,22339,459,0.028891880543881355,1.0,1.0,,,,,,,,,
460,22348,460,0.04259923005010932,1.0,1.0,,,,,,,,,
461,22365,461,0.031050764478277412,1.0,1.0,,,,,,,,,
462,22502,462,0.03444019223796203,1.0,1.0,,,,,,,,,
463,22543,463,0.04734227698101586,0.0,0.0,,,,,,,,,
464,22608,464,0.09092486259168708,0.0,0.0,,,,,,,,,
465,22633,465,0.029022871793883194,1.0,1.0,0.03237091462865161,1.0,1.0,,,,,,
466,22666,466,0.038474788033636284,1.0,1.0,,,,,,,,,
467,22747,467,0.03542426688503474,1.0,1.0,,,,,,,,,
468,22812,468,0.03270958105596947,1.0,1.0,,,,,,,,,
469,22925,469,0.038044616253235804,0.0,0.0,,,,,,,,,
470,22990,470,0.029986547312873882,1.0,1.0,,,,,,,,,
471,23007,471,0.029600684037432073,1.0,1.0,,,,,,,,,
472,23032,472,0.027041550437764572,1.0,1.0,,,,,,,,,
473,23049,473,0.014804629902355372,1.0,1.0,0.016967510739341378,1.0,1.0,,,,,,
474,23058,474,0.02259180064778775,1.0,1.0,,,,,,,,,
475,23083,475,0.03045159049332142,1.0,1.0,,,,,,,,,
476,23100,476,0.04400617704726756,1.0,1.0,,,,,,,,,
477,23133,477,0.04010962422704324,1.0,1.0,,,,,,,,,
478,23166,478,0.1348679425890441,0.0,0.0,,,,,,,,,
479,23191,479,0.034917041684190436,1.0,1.0,,,,,,,,,
480,23232,480,0.04019204058963806,1.0,1.0,,,,,,,,,
481,23249,481,0.03248416867572815,1.0,1.0,0.03562977197172586,1.0,1.0,,,,,,
482,23298,482,0.03909052902677407,1.0,1.0,,,,,,,,,
483,23339,483,0.04101575508899988,1.0,1.0,,,,,,,,,
484,23388,484,0.040687367814398384,1.0,1.0,,,,,,,,,
485,23445,485,0.026292000144637687,1.0,1.0,,,,,,,,,
486,23534,486,0.03888971283862537,1.0,1.0,,,,,,,,,
487,23551,487,0.03655842548236251,1.0,1.0,,,,,,,,,
488,23624,488,0.04714676138933808,1.0,1.0,,,,,,,,,
489,23641,489,0.01565688079223037,1.0,1.0,0.019419537833891807,1.0,1.0,,,,,,
490,23738,490,0.02589946158618356,1.0,1.0,,,,,,,,,
491,23747,491,0.06645176261663438,1.0,1.0,,,,,,,,,
492,23828,492,0.0347860836139007,1.0,1.0,,,,,,,,,
493,23869,493,0.036236403738148515,1.0,1.0,,,,,,,,,
494,23902,494,0.0968986935634166,0.0,0.0,,,,,,,,,
495,23935,495,0.02806945529067889,1.0,1.0,,,,,,,,,
496,23976,496,0.024002734716807028,1.0,1.0,,,,,,,,,
497,24041,497,0.040695939636971164,1.0,1.0,0.02411535508232191,1.0,1.0,,,,,,
498,24098,498,0.03241028613227952,1.0,1.0,,,,,,,,,
499,24123,499,0.031433470333771155,1.0,1.0,,,,,,,,,
500,24140,500,0.03353252721484751,1.0,1.0,,,,,,,,,
501,24309,501,0.031637354457994836,1.0,1.0,,,,,,,,,
502,24350,502,0.04434747087210417,1.0,1.0,,,,,,,,,
503,24447,503,0.02937533118047213,1.0,1.0,,,,,,,,,
504,24520,504,0.026921312182838743,1.0,1.0,,,,,,,,,
505,24553,505,0.026095369590912017,1.0,1.0,0.03903800456561294,1.0,1.0,,,,,,
506,24594,506,0.03457837258878862,1.0,1.0,,,,,,,,,
507,24659,507,0.048085611508286094,1.0,1.0,,,,,,,,,
508,24700,508,0.03032922997470451,1.0,1.0,,,,,,,,,
509,24725,509,0.017296326441379885,1.0,1.0,,,,,,,,,
510,24790,510,0.03796715803979851,1.0,1.0,,,,,,,,,
511,24815,511,0.043024113913998005,1.0,1.0,,,,,,,,,
512,24840,512,0.03196538470685482,1.0,1.0,,,,,,,,,
513,24865,513,0.026531182521333296,1.0,1.0,0.030070131393149492,1.0,1.0,,,,,,
514,24922,514,0.026127641061433938,1.0,1.0,,,,,,,,,
515,24971,515,0.05618464024970308,0.0,0.0,,,,,,,,,
516,25028,516,0.030468734558307915,1.0,1.0,,,,,,,,,
517,25053,517,0.03279541977293168,1.0,1.0,,,,,,,,,
518,25094,518,0.02691596790123731,1.0,1.0,,,,,,,,,
519,25111,519,0.0214771213568747,1.0,1.0,,,,,,,,,
520,25136,520,0.0163863114748771,1.0,1.0,,,,,,,,,
521,25169,521,0.025242391717620195,1.0,1.0,0.02942833685083315,1.0,1.0,,,,,,
522,25178,522,0.05509426135104149,1.0,1.0,,,,,,,,,
523,25219,523,0.04428447391325609,1.0,1.0,,,,,,,,,
524,25244,524,0.033822239511646326,1.0,1.0,,,,,,,,,
525,25341,525,0.03444502487159601,1.0,1.0,,,,,,,,,
526,25382,526,0.03310824872608646,1.0,1.0,,,,,,,,,
527,25447,527,0.03168674610409653,1.0,1.0,,,,,,,,,
528,25536,528,0.06249409311766862,0.0,0.0,,,,,,,,,
529,25577,529,0.02248806788248476,1.0,1.0,0.02662628448502801,1.0,1.0,,,,,,
530,25594,530,0.02660639111651108,1.0,1.0,,,,,,,,,
531,25619,531,0.017469035313697534,1.0,1.0,,,,,,,,,
532,25724,532,0.029190019578135648,1.0,1.0,,,,,,,,,
533,25805,533,0.03321414172602818,1.0,1.0,,,,,,,,,
534,25854,534,0.02865637645338817,1.0,1.0,,,,,,,,,
535,25903,535,0.02189060896231543,1.0,1.0,,,,,,,,,
536,25920,536,0.030741316676139833,1.0,1.0,,,,,,,,,
537,25945,537,0.029662043284624812,1.0,1.0,0.030680731843167452,1.0,1.0,,,,,,
538,25970,538,0.036347233789662516,1.0,1.0,,,,,,,,,
539,25995,539,0.026084466981701554,1.0,1.0,,,,,,,,,
540,26012,540,0.04008845496864524,1.0,1.0,,,,,,,,,
541,26069,541,0.03922092099649099,1.0,1.0,,,,,,,,,
542,26134,542,0.030443346800711882,1.0,1.0,,,,,,,,,
543,26167,543,0.03662513913499424,1.0,1.0,,,,,,,,,
544,26184,544,0.02044762813835405,1.0,1.0,,,,,,,,,
545,26265,545,0.028415552650112665,1.0,1.0,0.029776192010613156,1.0,1.0,,,,,,
546,26290,546,0.03024954285278606,1.0,1.0,,,,,,,,,
547,26307,547,0.024188652655575425,1.0,1.0,,,,,,,,,
548,26356,548,0.03545432922973608,1.0,1.0,,,,,,,,,
549,26381,549,0.02599037177239855,1.0,1.0,,,,,,,,,
550,26414,550,0.02716253607606632,1.0,1.0,,,,,,,,,
551,26487,551,0.03257755224942229,1.0,1.0,,,,,,,,,
552,26512,552,0.03356853818520904,1.0,1.0,,,,,,,,,
553,26529,553,0.022913118787109853,1.0,1.0,0.02230577784677735,1.0,1.0,,,,,,
554,26578,554,0.02064317235326598,1.0,1.0,,,,,,,,,
555,26627,555,0.037900891099125145,1.0,1.0,,,,,,,,,
556,26660,556,0.02545694125474711,1.0,1.0,,,,,,,,,
557,26717,557,0.03156556001199143,1.0,1.0,,,,,,,,,
558,26750,558,0.031610082492697984,1.0,1.0,,,,,,,,,
559,26767,559,0.018114534609921976,1.0,1.0,,,,,,,,,
560,26824,560,0.026102608720372827,1.0,1.0,,,,,,,,,
561,26857,561,0.03652964656066615,1.0,1.0,0.023699535392235706,1.0,1.0,,,,,,
562,26890,562,0.0216799128970888,1.0,1.0,,,,,,,,,
563,26923,563,0.03607721104286611,1.0,1.0,,,,,,,,,
564,27084,564,0.03817379316199004,1.0,1.0,,,,,,,,,
565,27125,565,0.030864478473813507,1.0,1.0,,,,,,,,,
566,27142,566,0.03429604393219052,1.0,1.0,,,,,,,,,
567,27167,567,0.025981593263374334,1.0,1.0,,,,,,,,,
568,27264,568,0.029111905722141576,1.0,1.0,,,,,,,,,
569,27305,569,0.031896669546906196,1.0,1.0,0.03173313362756744,1.0,1.0,,,,,,
570,27330,570,0.025198408064122005,1.0,1.0,,,,,,,,,
571,27355,571,0.03470489691826515,1.0,1.0,,,,,,,,,
572,27372,572,0.023416502695181404,1.0,1.0,,,,,,,,,
573,27389,573,0.012271832888945938,1.0,1.0,,,,,,,,,
574,27422,574,0.023347026130431915,1.0,1.0,,,,,,,,,
575,27607,575,0.029433398713356478,1.0,1.0,,,,,,,,,
576,27720,576,0.029649262850393175,1.0,1.0,,,,,,,,,
577,27737,577,0.038891099103493615,1.0,1.0,0.0354158935711439,1.0,1.0,,,,,,
578,27770,578,0.024829519121667545,1.0,1.0,,,,,,,,,
579,27811,579,0.03243550584837795,1.0,1.0,,,,,,,,,
580,27844,580,0.036327467785304185,1.0,1.0,,,,,,,,,
581,27869,581,0.025743266980862246,1.0,1.0,,,,,,,,,
582,27958,582,0.034115642049265184,1.0,1.0,,,,,,,,,
583,28007,583,0.03677031310182125,1.0,1.0,,,,,,,,,
584,28048,584,0.028974044437200065,1.0,1.0,,,,,,,,,
585,28065,585,0.024224836066714488,1.0,1.0,0.02947829472333459,1.0,1.0,,,,,,
586,28082,586,0.023841152903914916,1.0,1.0,,,,,,,,,
587,28099,587,0.018766190627356995,1.0,1.0,,,,,,,,,
588,28132,588,0.0328245556030015,1.0,1.0,,,,,,,,,
589,28245,589,0.0709236144819962,0.0,0.0,,,,,,,,,
590,28278,590,0.03995172756520333,1.0,1.0,,,,,,,,,
591,28295,591,0.040769849857024386,1.0,1.0,,,,,,,,,
592,28312,592,0.029835538965708112,1.0,1.0,,,,,,,,,
593,28465,593,0.030140413910611594,1.0,1.0,0.02156742575629323,1.0,1.0,,,,,,
594,28490,594,0.023268801116695007,1.0,1.0,,,,,,,,,
595,28547,595,0.03257210620749642,1.0,1.0,,,,,,,,,
596,28628,596,0.03042119789827848,1.0,1.0,,,,,,,,,
597,28709,597,0.02533192644640804,1.0,1.0,,,,,,,,,
598,28758,598,0.03070088404839528,1.0,1.0,,,,,,,,,
599,28783,599,0.03250339576647093,1.0,1.0,,,,,,,,,
600,28832,600,0.028191646783767888,1.0,1.0,,,,,,,,,
601,28873,601,0.023607062247843716,1.0,1.0,0.031821141522377736,1.0,1.0,,,,,,
602,28962,602,0.02876386361363323,1.0,1.0,,,,,,,,,
603,28987,603,0.023522138804012986,1.0,1.0,,,,,,,,,
604,29156,604,0.026933016555683153,1.0,1.0,,,,,,,,,
605,29301,605,0.03956122018306309,1.0,1.0,,,,,,,,,
606,29334,606,0.03205155164910366,1.0,1.0,,,,,,,,,
607,29359,607,0.0371472896374568,1.0,1.0,,,,,,,,,
608,29400,608,0.020290747262421065,1.0,1.0,,,,,,,,,
609,29505,609,0.028841879137214095,1.0,1.0,0.03266252997114255,1.0,1.0,,,,,,
610,29538,610,0.038264376840088515,1.0,1.0,,,,,,,,,
611,29563,611,0.02349681707472579,1.0,1.0,,,,,,,,,
612,29580,612,0.028964835354563546,1.0,1.0,,,,,,,,,
613,29613,613,0.06796857849345543,0.0,0.0,,,,,,,,,
614,29654,614,0.038739261388778694,1.0,1.0,,,,,,,,,
615,29719,615,0.029634967574384066,1.0,1.0,,,,,,,,,
616,29768,616,0.035816858819647066,1.0,1.0,,,,,,,,,
617,29801,617,0.0381787451240234,1.0,1.0,0.11946115740840986,0.0,0.0,,,,,,
618,29818,618,0.026373535300290317,1.0,1.0,,,,,,,,,
619,29851,619,0.024253916986381227,1.0,1.0,,,,,,,,,
620,29892,620,0.03011885342333699,1.0,1.0,,,,,,,,,
621,29949,621,0.030135931778017298,1.0,1.0,,,,,,,,,
622,29966,622,0.024805247299809707,1.0,1.0,,,,,,,,,
623,29991,623,0.04317009747435804,1.0,1.0,,,,,,,,,
624,30096,624,0.029425712461769275,1.0,1.0,,,,,,,,,
625,30137,625,0.03276193227956537,1.0,1.0,0.044131929301656776,1.0,1.0,,,,,,
626,30194,626,0.026974623632850123,1.0,1.0,,,,,,,,,
627,30283,627,0.10589347199822607,0.0,0.0,,,,,,,,,
628,30340,628,0.03377335076552949,1.0,1.0,,,,,,,,,
629,30373,629,0.029824942230334273,1.0,1.0,,,,,,,,,
630,30406,630,0.03332745150961273,1.0,1.0,,,,,,,,,
631,30431,631,0.0278068983265257,1.0,1.0,,,,,,,,,
632,30464,632,0.022952855323092082,1.0,1.0,,,,,,,,,
633,30513,633,0.04883871829874503,1.0,1.0,0.031195727619051466,1.0,1.0,,,,,,
634,30530,634,0.02086510866414756,1.0,1.0,,,,,,,,,
635,30563,635,0.03673380259002443,1.0,1.0,,,,,,,,,
636,30612,636,0.02650062023991874,1.0,1.0,,,,,,,,,
637,30685,637,0.026771412800040303,1.0,1.0,,,,,,,,,
638,30702,638,0.019337281195330434,1.0,1.0,,,,,,,,,
639,30743,639,0.02593887086887844,1.0,1.0,,,,,,,,,
640,30808,640,0.025457951514836166,1.0,1.0,,,,,,,,,
641,31105,641,0.045756289405288884,0.0,0.0,0.032775309770368036,1.0,1.0,,,,,,
642,31178,642,0.02428861765466233,1.0,1.0,,,,,,,,,
643,31203,643,0.028064094906051953,1.0,1.0,,,,,,,,,
644,31284,644,0.04560481659532525,0.0,0.0,,,,,,,,,
645,31333,645,0.03059260113882677,1.0,1.0,,,,,,,,,
646,31374,646,0.03667214033007622,1.0,1.0,,,,,,,,,
647,31391,647,0.030903963878517973,1.0,1.0,,,,,,,,,
648,31416,648,0.027834443834920723,1.0,1.0,,,,,,,,,
649,31433,649,0.01671614812970802,1.0,1.0,0.02896595906466246,1.0,1.0,,,,,,
650,31458,650,0.043358459227407976,1.0,1.0,,,,,,,,,
651,31491,651,0.029571261259843593,1.0,1.0,,,,,,,,,
652,31516,652,0.031962125042142964,1.0,1.0,,,,,,,,,
653,31605,653,0.03317994827383452,1.0,1.0,,,,,,,,,
654,31630,654,0.0408203304062287,1.0,1.0,,,,,,,,,
655,31695,655,0.03820961189165246,1.0,1.0,,,,,,,,,
656,31752,656,0.02934648459694082,1.0,1.0,,,,,,,,,
657,31769,657,0.021829181822249667,1.0,1.0,0.02824825767699319,1.0,1.0,,,,,,
658,31922,658,0.03369789694043759,1.0,1.0,,,,,,,,,
659,31995,659,0.02732740584159425,1.0,1.0,,,,,,,,,
660,32164,660,0.035273548266905846,1.0,1.0,,,,,,,,,
661,32221,661,0.02146798912930535,1.0,1.0,,,,,,,,,
662,32246,662,0.023395137068776724,1.0,1.0,,,,,,,,,
663,32559,663,0.030548289039896846,1.0,1.0,,,,,,,,,
664,32600,664,0.04457191937819176,1.0,1.0,,,,,,,,,
665,32673,665,0.03829918173381076,1.0,1.0,0.03201978513056383,1.0,1.0,,,,,,
666,32730,666,0.02781443409293258,1.0,1.0,,,,,,,,,
667,32755,667,0.026351458306307907,1.0,1.0,,,,,,,,,
668,32916,668,0.02807704184626346,1.0,1.0,,,,,,,,,
669,32941,669,0.03667422117393774,1.0,1.0,,,,,,,,,
670,33054,670,0.040290356197593996,0.0,0.0,,,,,,,,,
671,33087,671,0.02871944309197716,1.0,1.0,,,,,,,,,
672,33104,672,0.02494921609541052,1.0,1.0,,,,,,,,,
673,33121,673,0.019917857355248994,1.0,1.0,0.02960974856119719,1.0,1.0,,,,,,
674,33138,674,0.014703683194384212,1.0,1.0,,,,,,,,,
675,33195,675,0.03368436395440117,1.0,1.0,,,,,,,,,
676,33276,676,0.024618355065637844,1.0,1.0,,,,,,,,,
677,33293,677,0.023774992523976836,1.0,1.0,,,,,,,,,
678,33310,678,0.016063436940603422,1.0,1.0,,,,,,,,,
679,33391,679,0.030829996225977083,1.0,1.0,,,,,,,,,
680,33480,680,0.02883893985306548,1.0,1.0,,,,,,,,,
681,33529,681,0.019420713531726502,1.0,1.0,0.03630377986759413,1.0,1.0,,,,,,
682,33642,682,0.031220015642425745,1.0,1.0,,,,,,,,,
683,33659,683,0.014243795414513443,1.0,1.0,,,,,,,,,
684,33716,684,0.03656089030073157,1.0,1.0,,,,,,,,,
685,33821,685,0.030065259734135628,1.0,1.0,,,,,,,,,
686,33886,686,0.030925005180688463,1.0,1.0,,,,,,,,,
687,33935,687,0.026627590316250768,1.0,1.0,,,,,,,,,
688,33976,688,0.033402145580039365,1.0,1.0,,,,,,,,,
689,33993,689,0.01996442111907527,1.0,1.0,0.028880601288983596,1.0,1.0,,,,,,
690,34090,690,0.026015020599176448,1.0,1.0,,,,,,,,,
691,34179,691,0.02585458341585929,1.0,1.0,,,,,,,,,
692,34236,692,0.0262944167059946,1.0,1.0,,,,,,,,,
693,34309,693,0.026590843166858474,1.0,1.0,,,,,,,,,
694,34334,694,0.0203259659830519,1.0,1.0,,,,,,,,,
695,34455,695,0.05330552413570452,0.0,0.0,,,,,,,,,
696,34512,696,0.026790944447545498,1.0,1.0,,,,,,,,,
697,34553,697,0.019344366638979413,1.0,1.0,0.03138836822026254,1.0,1.0,,,,,,
698,34570,698,0.029216973477741708,1.0,1.0,,,,,,,,,
699,34587,699,0.020434318326588256,1.0,1.0,,,,,,,,,
700,34652,700,0.025005667094374073,1.0,1.0,,,,,,,,,
701,34677,701,0.031269150723092026,1.0,1.0,,,,,,,,,
702,34790,702,0.023479588764935864,1.0,1.0,,,,,,,,,
703,34815,703,0.026803845541629318,1.0,1.0,,,,,,,,,
704,34872,704,0.03398621061671293,1.0,1.0,,,,,,,,,
705,34889,705,0.0331176157790469,1.0,1.0,0.028785196945245846,1.0,1.0,,,,,,
706,34914,706,0.019975207110013188,1.0,1.0,,,,,,,,,
707,34939,707,0.03181464116089046,1.0,1.0,,,,,,,,,
708,34956,708,0.01910660509189256,1.0,1.0,,,,,,,,,
709,35021,709,0.025554928164920054,1.0,1.0,,,,,,,,,
710,35078,710,0.04256977016218506,1.0,1.0,,,,,,,,,
711,35111,711,0.03636731721460819,1.0,1.0,,,,,,,,,
712,35152,712,0.037702481891959905,1.0,1.0,,,,,,,,,
713,35169,713,0.02677494942734484,1.0,1.0,0.027679145581205378,1.0,1.0,,,,,,
714,35202,714,0.022836852474138143,1.0,1.0,,,,,,,,,
715,35259,715,0.03235900359123271,1.0,1.0,,,,,,,,,
716,35300,716,0.03184527141042782,1.0,1.0,,,,,,,,,
717,35389,717,0.052129504846578294,0.0,0.0,,,,,,,,,
718,35470,718,0.03402602264347343,1.0,1.0,,,,,,,,,
719,35487,719,0.02356894176846254,1.0,1.0,,,,,,,,,
720,35504,720,0.022548451441689394,1.0,1.0,,,,,,,,,
721,35537,721,0.022224354619975205,1.0,1.0,0.047396397722186526,1.0,1.0,,,,,,
722,35602,722,0.02846494900994003,1.0,1.0,,,,,,,,,
723,35707,723,0.03205243298748078,1.0,1.0,,,,,,,,,
724,35756,724,0.02900408200952987,1.0,1.0,,,,,,,,,
725,35797,725,0.02958398806501646,1.0,1.0,,,,,,,,,
726,35814,726,0.02277738625241909,1.0,1.0,,,,,,,,,
727,35839,727,0.02511372604341886,1.0,1.0,,,,,,,,,
728,35872,728,0.03674344392959029,1.0,1.0,,,,,,,,,
729,35897,729,0.03053134423991044,1.0,1.0,0.02053455010929611,1.0,1.0,,,,,,
730,35938,730,0.032569968809195875,1.0,1.0,,,,,,,,,
731,35963,731,0.029828664790450907,1.0,1.0,,,,,,,,,
732,35980,732,0.019291462503606457,1.0,1.0,,,,,,,,,
733,36133,733,0.02708781921088781,1.0,1.0,,,,,,,,,
734,36150,734,0.03326990325775114,1.0,1.0,,,,,,,,,
735,36207,735,0.043740016651073736,1.0,1.0,,,,,,,,,
736,36248,736,0.03167702284920961,1.0,1.0,,,,,,,,,
737,36273,737,0.02011193304332361,1.0,1.0,0.15531785272061827,0.0,0.0,,,,,,
738,36306,738,0.03183165258691588,1.0,1.0,,,,,,,,,
739,36323,739,0.020922188603581166,1.0,1.0,,,,,,,,,
740,36388,740,0.03793374543281971,1.0,1.0,,,,,,,,,
741,36437,741,0.03333596833659006,1.0,1.0,,,,,,,,,
742,36462,742,0.029246993393171578,1.0,1.0,,,,,,,,,
743,36479,743,0.02668421464040876,1.0,1.0,,,,,,,,,
744,36496,744,0.0206863534382137,1.0,1.0,,,,,,,,,
745,36545,745,0.02682838586527699,1.0,1.0,0.054805565762023126,1.0,1.0,,,,,,
746,36578,746,0.028803018920527848,1.0,1.0,,,,,,,,,
747,36595,747,0.020319488804234426,1.0,1.0,,,,,,,,,
748,36652,748,0.029556482045974396,1.0,1.0,,,,,,,,,
749,36685,749,0.17638274970576734,0.0,0.0,,,,,,,,,
750,36726,750,0.02792645252044167,1.0,1.0,,,,,,,,,
751,36759,751,0.026124056914704853,1.0,1.0,,,,,,,,,
752,36784,752,0.026064310229072966,1.0,1.0,,,,,,,,,
753,36817,753,0.018937042031175227,1.0,1.0,0.028693605553067755,1.0,1.0,,,,,,
754,36866,754,0.026753412123701612,1.0,1.0,,,,,,,,,
755,36883,755,0.040114123544190076,1.0,1.0,,,,,,,,,
756,36924,756,0.030565731465947467,1.0,1.0,,,,,,,,,
757,36949,757,0.030204512250881332,1.0,1.0,,,,,,,,,
758,37006,758,0.02819165547960438,1.0,1.0,,,,,,,,,
759,37039,759,0.02491436488897307,1.0,1.0,,,,,,,,,
760,37120,760,0.02609901672617161,1.0,1.0,,,,,,,,,
761,37145,761,0.017654790044859207,1.0,1.0,0.022441616365200995,1.0,1.0,,,,,,
762,37258,762,0.03398280905057618,1.0,1.0,,,,,,,,,
763,37291,763,0.03440595663851127,1.0,1.0,,,,,,,,,
764,37444,764,0.030938568370386887,1.0,1.0,,,,,,,,,
765,37493,765,0.028316940208848486,1.0,1.0,,,,,,,,,
766,37526,766,0.02525399854355783,1.0,1.0,,,,,,,,,
767,37551,767,0.027681591194559586,1.0,1.0,,,,,,,,,
768,37624,768,0.02658381690371445,1.0,1.0,,,,,,,,,
769,37665,769,0.01936958069552202,1.0,1.0,0.041386937905626836,1.0,1.0,,,,,,
770,37690,770,0.03058541274959377,1.0,1.0,,,,,,,,,
771,37723,771,0.03164305875205173,1.0,1.0,,,,,,,,,
772,37748,772,0.019307620433052456,1.0,1.0,,,,,,,,,
773,37789,773,0.03131870975205674,1.0,1.0,,,,,,,,,
774,37838,774,0.023561448924641203,1.0,1.0,,,,,,,,,
775,38007,775,0.04033733790696022,1.0,1.0,,,,,,,,,
776,38048,776,0.02193744570884701,1.0,1.0,,,,,,,,,
777,38097,777,0.02847390072808669,1.0,1.0,0.035219751838740196,1.0,1.0,,,,,,
778,38162,778,0.024894664218695652,1.0,1.0,,,,,,,,,
779,38179,779,0.04180983530357481,1.0,1.0,,,,,,,,,
780,38228,780,0.025651776926658078,1.0,1.0,,,,,,,,,
781,38253,781,0.03261957673757327,1.0,1.0,,,,,,,,,
782,38286,782,0.021033666624934996,1.0,1.0,,,,,,,,,
783,38351,783,0.030471630720910525,1.0,1.0,,,,,,,,,
784,38376,784,0.0395860353151996,1.0,1.0,,,,,,,,,
785,38417,785,0.02155071327701444,1.0,1.0,0.025870911067031557,1.0,1.0,,,,,,
786,38442,786,0.026796659735264256,1.0,1.0,,,,,,,,,
787,38459,787,0.03686132361544878,1.0,1.0,,,,,,,,,
788,38476,788,0.030607427451759577,1.0,1.0,,,,,,,,,
789,38501,789,0.03364341210646671,1.0,1.0,,,,,,,,,
790,38574,790,0.033188955762307154,1.0,1.0,,,,,,,,,
791,38607,791,0.014383351556170964,1.0,1.0,,,,,,,,,
792,38648,792,0.06966722916474101,0.0,0.0,,,,,,,,,
793,38673,793,0.027532757933756025,1.0,1.0,0.03613477187096981,1.0,1.0,,,,,,
794,38770,794,0.03684571150375025,1.0,1.0,,,,,,,,,
795,38819,795,0.023848337437375446,1.0,1.0,,,,,,,,,
796,38852,796,0.021557874141690265,1.0,1.0,,,,,,,,,
797,38877,797,0.021220626713669234,1.0,1.0,,,,,,,,,
798,38926,798,0.02919114946814564,1.0,1.0,,,,,,,,,
799,39007,799,0.027446842238307,1.0,1.0,,,,,,,,,
800,39040,800,0.02293578972810792,1.0,1.0,,,,,,,,,
801,39097,801,0.023370958343148233,1.0,1.0,0.01512685256835539,1.0,1.0,,,,,,
802,39130,802,0.019178777193046698,1.0,1.0,,,,0.9300000071525574,0.9230769230769231,0.9411764705882353,0.978391356542617,0.9833947095174481,0.9320388349514563
803,39155,803,0.019326997612176152,1.0,1.0,,,,,,,,,
804,39196,804,0.03262062772735953,1.0,1.0,,,,,,,,,
805,39253,805,0.021708735739435464,1.0,1.0,,,,,,,,,
806,39302,806,0.02855716260014257,1.0,1.0,,,,,,,,,
807,39335,807,0.03586323340896343,1.0,1.0,,,,,,,,,
808,39376,808,0.027337123381206765,1.0,1.0,,,,,,,,,
809,39393,809,0.01202590000233613,1.0,1.0,0.027961684669038124,1.0,1.0,,,,,,
810,39442,810,0.030269639826049872,1.0,1.0,,,,,,,,,
811,39499,811,0.02092407740066327,1.0,1.0,,,,,,,,,
812,39524,812,0.02826025317617071,1.0,1.0,,,,,,,,,
813,39677,813,0.03049593066658034,1.0,1.0,,,,,,,,,
814,39702,814,0.028719423428313646,1.0,1.0,,,,,,,,,
815,39711,815,0.03253215909004212,1.0,1.0,,,,,,,,,
816,39736,816,0.016398343963276905,1.0,1.0,,,,,,,,,
817,39817,817,0.029191816201418988,1.0,1.0,0.027956181814988667,1.0,1.0,,,,,,
818,39874,818,0.02433993878059222,1.0,1.0,,,,,,,,,
819,39963,819,0.029804744228278487,1.0,1.0,,,,,,,,,
820,40004,820,0.026827286634594206,1.0,1.0,,,,,,,,,
821,40141,821,0.027303044722839866,1.0,1.0,,,,,,,,,
822,40198,822,0.02816754633598196,1.0,1.0,,,,,,,,,
823,40239,823,0.029299826305978063,1.0,1.0,,,,,,,,,
824,40264,824,0.03148932263681976,1.0,1.0,,,,,,,,,
825,40281,825,0.017504687812397605,1.0,1.0,0.029746455817476092,1.0,1.0,,,,,,
826,40322,826,0.028820623585837896,1.0,1.0,,,,,,,,,
827,40379,827,0.026006699109628762,1.0,1.0,,,,,,,,,
828,40468,828,0.025431648947772955,1.0,1.0,,,,,,,,,
829,40509,829,0.018010005511983763,1.0,1.0,,,,,,,,,
830,40574,830,0.037743242088363334,1.0,1.0,,,,,,,,,
831,40655,831,0.026418807134788946,1.0,1.0,,,,,,,,,
832,40752,832,0.024816949579108037,1.0,1.0,,,,,,,,,
833,40849,833,0.025034161435275263,1.0,1.0,0.041606645745960125,1.0,1.0,,,,,,
834,40874,834,0.027189642792218364,1.0,1.0,,,,,,,,,
835,41011,835,0.03362922876018702,1.0,1.0,,,,,,,,,
836,41068,836,0.03208735347841866,1.0,1.0,,,,,,,,,
837,41093,837,0.0275747636713398,1.0,1.0,,,,,,,,,
838,41150,838,0.025073477373836278,1.0,1.0,,,,,,,,,
839,41167,839,0.016552857808492263,1.0,1.0,,,,,,,,,
840,41208,840,0.027863184097052004,1.0,1.0,,,,,,,,,
841,41233,841,0.018109810493712453,1.0,1.0,0.024828433788885985,1.0,1.0,,,,,,
842,41258,842,0.022987836105943033,1.0,1.0,,,,,,,,,
843,41275,843,0.012829038806085009,1.0,1.0,,,,,,,,,
844,41300,844,0.02153388213579698,1.0,1.0,,,,,,,,,
845,41317,845,0.016619735569838666,1.0,1.0,,,,,,,,,
846,41342,846,0.026464935980572285,1.0,1.0,,,,,,,,,
847,41367,847,0.029151016721734774,1.0,1.0,,,,,,,,,
848,41392,848,0.024998584792338078,1.0,1.0,,,,,,,,,
849,41417,849,0.021796051232377066,1.0,1.0,0.03051895854746232,1.0,1.0,,,,,,
850,41586,850,0.033949365591924144,1.0,1.0,,,,,,,,,
851,41635,851,0.033900635582443404,1.0,1.0,,,,,,,,,
852,41668,852,0.03438789448700845,1.0,1.0,,,,,,,,,
853,41701,853,0.02479834042052971,1.0,1.0,,,,,,,,,
854,41726,854,0.019771360316202236,1.0,1.0,,,,,,,,,
855,41775,855,0.02409181625071748,1.0,1.0,,,,,,,,,
856,41792,856,0.017745708982547514,1.0,1.0,,,,,,,,,
857,41873,857,0.022355887244063528,1.0,1.0,0.029154259077768075,1.0,1.0,,,,,,
858,41922,858,0.017593238685703907,1.0,1.0,,,,,,,,,
859,41947,859,0.024991083675025342,1.0,1.0,,,,,,,,,
860,41964,860,0.021637765502346158,1.0,1.0,,,,,,,,,
861,42029,861,0.030094030986401777,1.0,1.0,,,,,,,,,
862,42054,862,0.020239699865148092,1.0,1.0,,,,,,,,,
863,42087,863,0.030083059052376484,1.0,1.0,,,,,,,,,
864,42168,864,0.03225461094127968,1.0,1.0,,,,,,,,,
865,42209,865,0.026815212474553846,1.0,1.0,0.01581020500641171,1.0,1.0,,,,,,
866,42226,866,0.029728058821638113,1.0,1.0,,,,,,,,,
867,42259,867,0.03502320425199286,1.0,1.0,,,,,,,,,
868,42300,868,0.025781959442336983,1.0,1.0,,,,,,,,,
869,42365,869,0.02761988716538099,1.0,1.0,,,,,,,,,
870,42430,870,0.03568059733072005,1.0,1.0,,,,,,,,,
871,42455,871,0.029767139782149267,1.0,1.0,,,,,,,,,
872,42552,872,0.03567161660454682,1.0,1.0,,,,,,,,,
873,42569,873,0.03141507778178493,1.0,1.0,0.023328090743986344,1.0,1.0,,,,,,
874,42610,874,0.03086722816192196,1.0,1.0,,,,,,,,,
875,42635,875,0.027896988303061032,1.0,1.0,,,,,,,,,
876,42652,876,0.021174249646865068,1.0,1.0,,,,,,,,,
877,42669,877,0.023852208221505865,1.0,1.0,,,,,,,,,
878,42734,878,0.03578497908692953,1.0,1.0,,,,,,,,,
879,42775,879,0.03007954852559488,1.0,1.0,,,,,,,,,
880,42816,880,0.020877618979669936,1.0,1.0,,,,,,,,,
881,42857,881,0.02781469102921256,1.0,1.0,0.019941652150300793,1.0,1.0,,,,,,
882,42930,882,0.02547104198170321,1.0,1.0,,,,,,,,,
883,43043,883,0.03272519612560115,1.0,1.0,,,,,,,,,
884,43084,884,0.03056329146192366,1.0,1.0,,,,,,,,,
885,43125,885,0.02357669436617289,1.0,1.0,,,,,,,,,
886,43158,886,0.02651560492296994,1.0,1.0,,,,,,,,,
887,43191,887,0.02051830271117069,1.0,1.0,,,,,,,,,
888,43256,888,0.02376339924981494,1.0,1.0,,,,,,,,,
889,43281,889,0.024968869265479345,1.0,1.0,0.027278149392404888,1.0,1.0,,,,,,
890,43322,890,0.02834219188761199,1.0,1.0,,,,,,,,,
891,43355,891,0.03240616283967029,1.0,1.0,,,,,,,,,
892,43388,892,0.024228209200446146,1.0,1.0,,,,,,,,,
893,43445,893,0.01979084384091298,1.0,1.0,,,,,,,,,
894,43526,894,0.026165301761357115,1.0,1.0,,,,,,,,,
895,43639,895,0.0378073218325153,1.0,1.0,,,,,,,,,
896,43712,896,0.02294219706521239,1.0,1.0,,,,,,,,,
897,43737,897,0.018023022272561015,1.0,1.0,0.03385079004462265,1.0,1.0,,,,,,
898,43778,898,0.030557933426927777,1.0,1.0,,,,,,,,,
899,43795,899,0.01931745511552435,1.0,1.0,,,,,,,,,
900,43828,900,0.02641706906831814,1.0,1.0,,,,,,,,,
901,43885,901,0.030352329823654142,1.0,1.0,,,,,,,,,
902,43926,902,0.028592234997449853,1.0,1.0,,,,,,,,,
903,43959,903,0.03131339766034216,1.0,1.0,,,,,,,,,
904,44000,904,0.01795882434191299,1.0,1.0,,,,,,,,,
905,44065,905,0.023113573434930007,1.0,1.0,0.03126738392864354,1.0,1.0,,,,,,
906,44082,906,0.018447233801198306,1.0,1.0,,,,,,,,,
907,44115,907,0.024381121438927948,1.0,1.0,,,,,,,,,
908,44284,908,0.025601912250803292,1.0,1.0,,,,,,,,,
909,44333,909,0.02844945450462546,1.0,1.0,,,,,,,,,
910,44446,910,0.03295867787756184,1.0,1.0,,,,,,,,,
911,44535,911,0.03143098361856325,1.0,1.0,,,,,,,,,
912,44592,912,0.02638054605506893,1.0,1.0,,,,,,,,,
913,44609,913,0.03479921051824931,1.0,1.0,0.032578525419036546,1.0,1.0,,,,,,
914,44642,914,0.03177021363706444,1.0,1.0,,,,,,,,,
915,44699,915,0.025889688687748276,1.0,1.0,,,,,,,,,
916,44740,916,0.031595876099541786,1.0,1.0,,,,,,,,,
917,44765,917,0.02293033668840356,1.0,1.0,,,,,,,,,
918,44830,918,0.02865878191296361,1.0,1.0,,,,,,,,,
919,44895,919,0.03042312623561884,1.0,1.0,,,,,,,,,
920,44960,920,0.036028248402271854,1.0,1.0,,,,,,,,,
921,44985,921,0.023200852160807698,1.0,1.0,0.02924052022339311,1.0,1.0,,,,,,
922,45042,922,0.026533565264066316,1.0,1.0,,,,,,,,,
923,45051,923,0.03173537091766775,1.0,1.0,,,,,,,,,
924,45084,924,0.0207783387669042,1.0,1.0,,,,,,,,,
925,45133,925,0.027078363908609994,1.0,1.0,,,,,,,,,
926,45302,926,0.029015520716174723,1.0,1.0,,,,,,,,,
927,45343,927,0.028083460595575163,1.0,1.0,,,,,,,,,
928,45376,928,0.030262740444668455,1.0,1.0,,,,,,,,,
929,45393,929,0.026220193683111574,1.0,1.0,0.02141709103301158,1.0,1.0,,,,,,
930,45442,930,0.026039366212644383,1.0,1.0,,,,,,,,,
931,45491,931,0.024529660737922915,1.0,1.0,,,,,,,,,
932,45508,932,0.024709674656296556,1.0,1.0,,,,,,,,,
933,45573,933,0.029629069316197274,1.0,1.0,,,,,,,,,
934,45606,934,0.028596751158765983,1.0,1.0,,,,,,,,,
935,45639,935,0.020819144884080744,1.0,1.0,,,,,,,,,
936,45696,936,0.02538548481230724,1.0,1.0,,,,,,,,,
937,45745,937,0.025564601782631747,1.0,1.0,0.049492740932211746,1.0,1.0,,,,,,
938,45778,938,0.03195010131650634,1.0,1.0,,,,,,,,,
939,45787,939,0.021085372923189422,1.0,1.0,,,,,,,,,
940,45812,940,0.02037111771720447,1.0,1.0,,,,,,,,,
941,45845,941,0.022445503826656932,1.0,1.0,,,,,,,,,
942,45934,942,0.027725743052697826,1.0,1.0,,,,,,,,,
943,45959,943,0.030806416766548262,1.0,1.0,,,,,,,,,
944,45984,944,0.025453991857308816,1.0,1.0,,,,,,,,,
945,46009,945,0.019577867616577958,1.0,1.0,0.016647689457895465,1.0,1.0,,,,,,
946,46026,946,0.01659458058667951,1.0,1.0,,,,,,,,,
947,46043,947,0.03282826136875883,1.0,1.0,,,,,,,,,
948,46060,948,0.024846997964705225,1.0,1.0,,,,,,,,,
949,46093,949,0.025083411992163747,1.0,1.0,,,,,,,,,
950,46134,950,0.03976896260585636,1.0,1.0,,,,,,,,,
951,46159,951,0.03588776916760253,1.0,1.0,,,,,,,,,
952,46192,952,0.024688534065171554,1.0,1.0,,,,,,,,,
953,46233,953,0.02524058920136304,1.0,1.0,0.030360128116008127,1.0,1.0,,,,,,
954,46266,954,0.020381767515245886,1.0,1.0,,,,,,,,,
955,46307,955,0.023691355707291223,1.0,1.0,,,,,,,,,
956,46380,956,0.02444767167669397,1.0,1.0,,,,,,,,,
957,46397,957,0.026277835806431542,1.0,1.0,,,,,,,,,
958,46430,958,0.03206897960484639,1.0,1.0,,,,,,,,,
959,46455,959,0.02450087477140187,1.0,1.0,,,,,,,,,
960,46672,960,0.02511296891182644,1.0,1.0,,,,,,,,,
961,46777,961,0.028989186213083697,1.0,1.0,0.027712250631826463,1.0,1.0,,,,,,
962,46834,962,0.029617302397974915,1.0,1.0,,,,,,,,,
963,46851,963,0.019417730027853394,1.0,1.0,,,,,,,,,
964,46868,964,0.015513603936560684,1.0,1.0,,,,,,,,,
965,46885,965,0.026267133537530754,1.0,1.0,,,,,,,,,
966,46974,966,0.03172628936733501,1.0,1.0,,,,,,,,,
967,47023,967,0.02523651161138938,1.0,1.0,,,,,,,,,
968,47040,968,0.02969068799109664,1.0,1.0,,,,,,,,,
969,47073,969,0.02260930867138086,1.0,1.0,0.04140957326516703,1.0,1.0,,,,,,
970,47090,970,0.026878247608074165,1.0,1.0,,,,,,,,,
971,47155,971,0.03597638211753292,1.0,1.0,,,,,,,,,
972,47180,972,0.028346284356860752,1.0,1.0,,,,,,,,,
973,47213,973,0.02259498352301307,1.0,1.0,,,,,,,,,
974,47238,974,0.02963884079613005,1.0,1.0,,,,,,,,,
975,47271,975,0.03309172336321353,1.0,1.0,,,,,,,,,
976,47312,976,0.03675428788212594,1.0,1.0,,,,,,,,,
977,47465,977,0.03176819349044787,1.0,1.0,0.029080264148833523,1.0,1.0,,,,,,
978,47538,978,0.024104142691713706,1.0,1.0,,,,,,,,,
979,47627,979,0.027133795312957693,1.0,1.0,,,,,,,,,
980,47644,980,0.013519005700873095,1.0,1.0,,,,,,,,,
981,47805,981,0.02753586735320278,1.0,1.0,,,,,,,,,
982,47822,982,0.01863125122532438,1.0,1.0,,,,,,,,,
983,47871,983,0.028759234902739003,1.0,1.0,,,,,,,,,
984,47896,984,0.022554589171971506,1.0,1.0,,,,,,,,,
985,47921,985,0.03557420328329802,1.0,1.0,0.021258130005880956,1.0,1.0,,,,,,
986,47978,986,0.03540716395690521,1.0,1.0,,,,,,,,,
987,47995,987,0.01925124615281675,1.0,1.0,,,,,,,,,
988,48036,988,0.01882882384682307,1.0,1.0,,,,,,,,,
989,48085,989,0.020064968874345748,1.0,1.0,,,,,,,,,
990,48110,990,0.025077801851196752,1.0,1.0,,,,,,,,,
991,48135,991,0.03035206612209246,1.0,1.0,,,,,,,,,
992,48216,992,0.023954574114992286,1.0,1.0,,,,,,,,,
993,48313,993,0.027135288996363444,1.0,1.0,0.02283369644593525,1.0,1.0,,,,,,
994,48330,994,0.018299739721805965,1.0,1.0,,,,,,,,,
995,48419,995,0.03748574375661768,1.0,1.0,,,,,,,,,
996,48452,996,0.02979573617602,1.0,1.0,,,,,,,,,
997,48517,997,0.023273835846498517,1.0,1.0,,,,,,,,,
998,48542,998,0.025156730425854524,1.0,1.0,,,,,,,,,
999,48559,999,0.01640637787251762,1.0,1.0,,,,,,,,,
1000,48616,1000,0.026592149353985278,1.0,1.0,,,,,,,,,
1001,48641,1001,0.032085094471500875,1.0,1.0,0.029644765095391244,1.0,1.0,,,,,,
1002,48794,1002,0.029145647196488236,1.0,1.0,,,,,,,,,
1003,48867,1003,0.031078470736328096,1.0,1.0,,,,,,,,,
1004,48884,1004,0.01541906650767487,1.0,1.0,,,,,,,,,
1005,48901,1005,0.034270462676431634,1.0,1.0,,,,,,,,,
1006,48950,1006,0.018840188131798642,1.0,1.0,,,,,,,,,
1007,49055,1007,0.028050045810926422,1.0,1.0,,,,,,,,,
1008,49128,1008,0.031489550970921605,1.0,1.0,,,,,,,,,
1009,49241,1009,0.02831790646793804,1.0,1.0,0.026532633386086676,1.0,1.0,,,,,,
1010,49258,1010,0.010943485213283565,1.0,1.0,,,,,,,,,
1011,49323,1011,0.02988573724142043,1.0,1.0,,,,,,,,,
1012,49348,1012,0.022678984553300932,1.0,1.0,,,,,,,,,
1013,49373,1013,0.02459536952277025,1.0,1.0,,,,,,,,,
1014,49406,1014,0.023324197402253048,1.0,1.0,,,,,,,,,
1015,49479,1015,0.025217427798585657,1.0,1.0,,,,,,,,,
1016,49528,1016,0.0238995538885744,1.0,1.0,,,,,,,,,
1017,49569,1017,0.02189707111682219,1.0,1.0,0.0393056455174883,1.0,1.0,,,,,,
1018,49674,1018,0.02864349717391983,1.0,1.0,,,,,,,,,
1019,49691,1019,0.023911260674321963,1.0,1.0,,,,,,,,,
1020,49748,1020,0.04717762361679758,1.0,1.0,,,,,,,,,
1021,49805,1021,0.028444188220559486,1.0,1.0,,,,,,,,,
1022,49854,1022,0.030451726506483583,1.0,1.0,,,,,,,,,
1023,49911,1023,0.040402399847360874,1.0,1.0,,,,,,,,,
1024,49968,1024,0.031207084577077427,1.0,1.0,,,,,,,,,
1025,50001,1025,0.027403561752871612,1.0,1.0,0.043056873921304945,1.0,1.0,,,,,,
1026,50026,1026,0.02975973109449115,1.0,1.0,,,,,,,,,
1027,50107,1027,0.032851521940467136,1.0,1.0,,,,,,,,,
1028,50124,1028,0.012085885032029182,1.0,1.0,,,,,,,,,
1029,50165,1029,0.036446888871578265,1.0,1.0,,,,,,,,,
1030,50190,1030,0.014405819138458661,1.0,1.0,,,,,,,,,
1031,50231,1031,0.0392240747056494,1.0,1.0,,,,,,,,,
1032,50256,1032,0.01581252771309664,1.0,1.0,,,,,,,,,
1033,50273,1033,0.017323083169467283,1.0,1.0,0.018963620930080652,1.0,1.0,,,,,,
1034,50354,1034,0.0268145064831333,1.0,1.0,,,,,,,,,
1035,50411,1035,0.029815051504306862,1.0,1.0,,,,,,,,,
1036,50468,1036,0.025151046510700166,1.0,1.0,,,,,,,,,
1037,50493,1037,0.0262628518629693,1.0,1.0,,,,,,,,,
1038,50510,1038,0.017490788272134523,1.0,1.0,,,,,,,,,
1039,50559,1039,0.02789857838744259,1.0,1.0,,,,,,,,,
1040,50592,1040,0.05745757084921934,0.0,0.0,,,,,,,,,
1041,50617,1041,0.027658424010611877,1.0,1.0,0.028267625125321508,1.0,1.0,,,,,,
1042,50642,1042,0.023881017413999263,1.0,1.0,,,,,,,,,
1043,50659,1043,0.017388413933076663,1.0,1.0,,,,,,,,,
1044,50716,1044,0.030104064702131183,1.0,1.0,,,,,,,,,
1045,50757,1045,0.02133658700337401,1.0,1.0,,,,,,,,,
1046,50782,1046,0.01915804073830562,1.0,1.0,,,,,,,,,
1047,50799,1047,0.017653471313242335,1.0,1.0,,,,,,,,,
1048,50824,1048,0.015141399748366285,1.0,1.0,,,,,,,,,
1049,50841,1049,0.021311030134093016,1.0,1.0,0.024007830938789994,1.0,1.0,,,,,,
1050,50866,1050,0.03802153344207909,1.0,1.0,,,,,,,,,
1051,50955,1051,0.04216340761392944,1.0,1.0,,,,,,,,,
1052,50988,1052,0.03783834038440546,1.0,1.0,,,,,,,,,
1053,51013,1053,0.027741424218414374,1.0,1.0,,,,,,,,,
1054,51062,1054,0.02209324645598826,1.0,1.0,,,,,,,,,
1055,51111,1055,0.023886871517712883,1.0,1.0,,,,,,,,,
1056,51160,1056,0.03225125268261762,1.0,1.0,,,,,,,,,
1057,51201,1057,0.026319743275744257,1.0,1.0,0.034479822185618104,1.0,1.0,,,,,,
1058,51250,1058,0.026542447455949806,1.0,1.0,,,,,,,,,
1059,51315,1059,0.029562177045409047,1.0,1.0,,,,,,,,,
1060,51340,1060,0.022010177371084863,1.0,1.0,,,,,,,,,
1061,51357,1061,0.01416297609335743,1.0,1.0,,,,,,,,,
1062,51374,1062,0.009866119231955963,1.0,1.0,,,,,,,,,
1063,51423,1063,0.03173030832816342,1.0,1.0,,,,,,,,,
1064,51520,1064,0.02748611580923655,1.0,1.0,,,,,,,,,
1065,51817,1065,0.03478132661446777,1.0,1.0,0.028325512700976108,1.0,1.0,,,,,,
1066,51850,1066,0.020694367013202285,1.0,1.0,,,,,,,,,
1067,51867,1067,0.01802981247383286,1.0,1.0,,,,,,,,,
1068,51876,1068,0.0335141810215282,1.0,1.0,,,,,,,,,
1069,51933,1069,0.027555415775007402,1.0,1.0,,,,,,,,,
1070,51950,1070,0.017318254212113974,1.0,1.0,,,,,,,,,
1071,51991,1071,0.0379291248703521,1.0,1.0,,,,,,,,,
1072,52032,1072,0.028574434814043342,1.0,1.0,,,,,,,,,
1073,52049,1073,0.022897382416376785,1.0,1.0,0.03831521662455219,1.0,1.0,,,,,,
1074,52098,1074,0.022994026381735845,1.0,1.0,,,,,,,,,
1075,52187,1075,0.024864018005408238,1.0,1.0,,,,,,,,,
1076,52228,1076,0.02853314053331269,1.0,1.0,,,,,,,,,
1077,52245,1077,0.013533582459349418,1.0,1.0,,,,,,,,,
1078,52302,1078,0.03189155941130594,1.0,1.0,,,,,,,,,
1079,52423,1079,0.031338922128998095,1.0,1.0,,,,,,,,,
1080,52472,1080,0.02519686801692539,1.0,1.0,,,,,,,,,
1081,52513,1081,0.020605905388591056,1.0,1.0,0.036525938288590014,1.0,1.0,,,,,,
1082,52586,1082,0.03652496226078559,1.0,1.0,,,,,,,,,
1083,52611,1083,0.023973482697620056,1.0,1.0,,,,,,,,,
1084,52652,1084,0.020187541934017648,1.0,1.0,,,,,,,,,
1085,52741,1085,0.029303434619373136,1.0,1.0,,,,,,,,,
1086,52846,1086,0.03052025859602369,1.0,1.0,,,,,,,,,
1087,52887,1087,0.032369347206986275,1.0,1.0,,,,,,,,,
1088,52912,1088,0.022014607240247036,1.0,1.0,,,,,,,,,
1089,52945,1089,0.02317520964983487,1.0,1.0,0.0550080466581494,1.0,1.0,,,,,,
1090,52986,1090,0.017283477778037196,1.0,1.0,,,,,,,,,
1091,53003,1091,0.017729356595518768,1.0,1.0,,,,,,,,,
1092,53068,1092,0.028819818978317927,1.0,1.0,,,,,,,,,
1093,53125,1093,0.028521679010653833,1.0,1.0,,,,,,,,,
1094,53182,1094,0.028339915733089194,1.0,1.0,,,,,,,,,
1095,53223,1095,0.023892333836382024,1.0,1.0,,,,,,,,,
1096,53312,1096,0.025778298510790183,1.0,1.0,,,,,,,,,
1097,53329,1097,0.031068531890414305,1.0,1.0,0.021258860558712817,1.0,1.0,,,,,,
1098,53354,1098,0.01651314393968884,1.0,1.0,,,,,,,,,
1099,53395,1099,0.02524274623692327,1.0,1.0,,,,,,,,,
1100,53420,1100,0.026542482295141476,1.0,1.0,,,,,,,,,
1101,53501,1101,0.024123071692592937,1.0,1.0,,,,,,,,,
1102,53686,1102,0.027096095754119906,1.0,1.0,,,,,,,,,
1103,53799,1103,0.028320545166394106,1.0,1.0,,,,,,,,,
1104,53832,1104,0.017059973120631185,1.0,1.0,,,,,,,,,
1105,53881,1105,0.02536620187476122,1.0,1.0,0.02827988236953388,1.0,1.0,,,,,,
1106,53922,1106,0.021034308492948184,1.0,1.0,,,,,,,,,
1107,53995,1107,0.02561493975537208,1.0,1.0,,,,,,,,,
1108,54012,1108,0.0326629451359986,1.0,1.0,,,,,,,,,
1109,54045,1109,0.025186250867882336,1.0,1.0,,,,,,,,,
1110,54062,1110,0.02888672616208169,1.0,1.0,,,,,,,,,
1111,54175,1111,0.027911640113494025,1.0,1.0,,,,,,,,,
1112,54248,1112,0.03688414897386288,1.0,1.0,,,,,,,,,
1113,54297,1113,0.025243382631303272,1.0,1.0,0.02525533276983879,1.0,1.0,,,,,,
1114,54314,1114,0.028310827417917607,1.0,1.0,,,,,,,,,
1115,54331,1115,0.01486524876785552,1.0,1.0,,,,,,,,,
1116,54348,1116,0.01484413291753299,1.0,1.0,,,,,,,,,
1117,54365,1117,0.024794353818979292,1.0,1.0,,,,,,,,,
1118,54398,1118,0.025635298963679817,1.0,1.0,,,,,,,,,
1119,54439,1119,0.022277637788465657,1.0,1.0,,,,,,,,,
1120,54520,1120,0.036455773459514604,1.0,1.0,,,,,,,,,
1121,54553,1121,0.021744460121681186,1.0,1.0,0.03084020431904901,1.0,1.0,,,,,,
1122,54610,1122,0.04134883383313666,0.0,0.0,,,,,,,,,
1123,54659,1123,0.03308777423769546,1.0,1.0,,,,,,,,,
1124,54684,1124,0.013748675279396896,1.0,1.0,,,,,,,,,
1125,54845,1125,0.03712718320300337,1.0,1.0,,,,,,,,,
1126,54998,1126,0.02635616167160486,1.0,1.0,,,,,,,,,
1127,55079,1127,0.02517294058793869,1.0,1.0,,,,,,,,,
1128,55136,1128,0.027269762336342995,1.0,1.0,,,,,,,,,
1129,55201,1129,0.024235256199463037,1.0,1.0,0.02726628073723987,1.0,1.0,,,,,,
1130,55226,1130,0.019668690977511383,1.0,1.0,,,,,,,,,
1131,55251,1131,0.022862770876490683,1.0,1.0,,,,,,,,,
1132,55300,1132,0.03307382037957723,1.0,1.0,,,,,,,,,
1133,55341,1133,0.02962328594796418,1.0,1.0,,,,,,,,,
1134,55422,1134,0.0313612235963592,1.0,1.0,,,,,,,,,
1135,55471,1135,0.02305088621544807,1.0,1.0,,,,,,,,,
1136,55496,1136,0.028557663783382543,1.0,1.0,,,,,,,,,
1137,55513,1137,0.02348327333020279,1.0,1.0,0.022311511442094343,1.0,1.0,,,,,,
1138,55530,1138,0.026022404796694897,1.0,1.0,,,,,,,,,
1139,55555,1139,0.010242599715832815,1.0,1.0,,,,,,,,,
1140,55580,1140,0.03966759850853123,1.0,1.0,,,,,,,,,
1141,55613,1141,0.022748123217734246,1.0,1.0,,,,,,,,,
1142,55646,1142,0.02010192094150625,1.0,1.0,,,,,,,,,
1143,55663,1143,0.01605156684850954,1.0,1.0,,,,,,,,,
1144,55728,1144,0.029432905792639873,1.0,1.0,,,,,,,,,
1145,55753,1145,0.021681771106086673,1.0,1.0,0.03344135259270843,1.0,1.0,,,,,,
1146,55794,1146,0.024198866133752744,1.0,1.0,,,,,,,,,
1147,55875,1147,0.027503738741332204,1.0,1.0,,,,,,,,,
1148,55900,1148,0.02050440785475075,1.0,1.0,,,,,,,,,
1149,55949,1149,0.026046116076771188,1.0,1.0,,,,,,,,,
1150,56118,1150,0.03708853710276474,1.0,1.0,,,,,,,,,
1151,56151,1151,0.03311434111565177,1.0,1.0,,,,,,,,,
1152,56192,1152,0.03280765952030197,1.0,1.0,,,,,,,,,
1153,56217,1153,0.02980250687690083,1.0,1.0,0.027465090685218456,1.0,1.0,,,,,,
1154,56234,1154,0.034130844188330234,1.0,1.0,,,,,,,,,
1155,56259,1155,0.018062957124323778,1.0,1.0,,,,,,,,,
1156,56332,1156,0.025849943862951676,1.0,1.0,,,,,,,,,
1157,56365,1157,0.029094762269760398,1.0,1.0,,,,,,,,,
1158,56414,1158,0.045899967778605055,1.0,1.0,,,,,,,,,
1159,56463,1159,0.025488744314376772,1.0,1.0,,,,,,,,,
1160,56480,1160,0.018487148157400952,1.0,1.0,,,,,,,,,
1161,56537,1161,0.026260519991608038,1.0,1.0,0.030701535817643164,1.0,1.0,,,,,,
1162,56562,1162,0.02433485030021984,1.0,1.0,,,,,,,,,
1163,56627,1163,0.021908505405285723,1.0,1.0,,,,,,,,,
1164,56660,1164,0.028054862763983692,1.0,1.0,,,,,,,,,
1165,56685,1165,0.021086582428348877,1.0,1.0,,,,,,,,,
1166,56718,1166,0.016460713411070173,1.0,1.0,,,,,,,,,
1167,56743,1167,0.017624225579917642,1.0,1.0,,,,,,,,,
1168,56768,1168,0.03081307561296247,1.0,1.0,,,,,,,,,
1169,56801,1169,0.028016837353825395,1.0,1.0,0.029558908443177642,1.0,1.0,,,,,,
1170,56834,1170,0.027429677127443028,1.0,1.0,,,,,,,,,
1171,56867,1171,0.027504583021291183,1.0,1.0,,,,,,,,,
1172,56900,1172,0.031557572361252825,1.0,1.0,,,,,,,,,
1173,56917,1173,0.031782786417679745,1.0,1.0,,,,,,,,,
1174,57062,1174,0.03779064914884253,1.0,1.0,,,,,,,,,
1175,57079,1175,0.028035100558226986,1.0,1.0,,,,,,,,,
1176,57184,1176,0.0278208150304048,1.0,1.0,,,,,,,,,
1177,57265,1177,0.029168902096445893,1.0,1.0,0.018328395269054457,1.0,1.0,,,,,,
1178,57282,1178,0.020572159565635958,1.0,1.0,,,,,,,,,
1179,57355,1179,0.031050854361997657,1.0,1.0,,,,,,,,,
1180,57452,1180,0.03243038643480759,1.0,1.0,,,,,,,,,
1181,57493,1181,0.025713609913014808,1.0,1.0,,,,,,,,,
1182,57550,1182,0.02485800644008642,1.0,1.0,,,,,,,,,
1183,57575,1183,0.02398552297541755,1.0,1.0,,,,,,,,,
1184,57608,1184,0.029565895348023334,1.0,1.0,,,,,,,,,
1185,57657,1185,0.025465512274404318,1.0,1.0,0.03673801371961114,1.0,1.0,,,,,,
1186,57690,1186,0.022529186752399254,1.0,1.0,,,,,,,,,
1187,57715,1187,0.02368156825497863,1.0,1.0,,,,,,,,,
1188,57732,1188,0.015039175578567664,1.0,1.0,,,,,,,,,
1189,57765,1189,0.012951956718106885,1.0,1.0,,,,,,,,,
1190,57878,1190,0.022395481374229087,1.0,1.0,,,,,,,,,
1191,57903,1191,0.026158577813087808,1.0,1.0,,,,,,,,,
1192,57992,1192,0.022229996762782984,1.0,1.0,,,,,,,,,
1193,58057,1193,0.026698386053321886,1.0,1.0,0.02885729947443386,1.0,1.0,,,,,,
1194,58114,1194,0.02220381621945697,1.0,1.0,,,,,,,,,
1195,58155,1195,0.01851624293807254,1.0,1.0,,,,,,,,,
1196,58180,1196,0.03254978871717564,1.0,1.0,,,,,,,,,
1197,58205,1197,0.020573933573953884,1.0,1.0,,,,,,,,,
1198,58222,1198,0.01790714388507695,1.0,1.0,,,,,,,,,
1199,58535,1199,0.029734655798460248,1.0,1.0,,,,,,,,,
1200,58560,1200,0.014101847901001746,1.0,1.0,,,,,,,,,
1201,58713,1201,0.03129633508261146,1.0,1.0,0.046185845482687005,1.0,1.0,0.9599999785423279,0.9795918367346939,0.9411764705882353,0.9887955182072828,0.9901718768774171,0.96

